strain,Sample_ID,Sample_Source,Data_Source,date,Location,Region,Serotype,Sero_Geno,Lineage,Include
PP563771.1,23GZ16076_D3_AGO,Su_2024,NCBI,2023-06-24,Angola,Sub-Saharan-Africa,3,3_III,3III_B.3,
FJ898462.1,DENV-3/AI/BID-V2976/2001,Henn_2009,NCBI,2001-XX-XX,Anguilla,Caribbean,3,3_III,3III_C,
JN406514.1,Cairns_98,Ritchie_2012,NCBI,1998-XX-XX,Australia,Pacific,3,3_II,3II_A,
JN406515.1,Cairns_2008,Ritchie_2012,NCBI,2008-XX-XX,Australia,Pacific,3,3_I,3I_A,
MT921575.1,PNG_2016,Pyke_2020,NCBI,2016-XX-XX,Australia,Pacific,3,3_I,3I_A,
MT921574.1,Phil2017,Pyke_2020,NCBI,2017-XX-XX,Australia,Pacific,3,3_I_related,3I_C,
MW396467.1,IN038,Shirin_2020,NCBI,2019-06-07,Bangladesh,South-Asia,3,3_I,3I_A.2,
OK079104.1,BCSIR-05,Sarkar_2021,NCBI,2020-11-24,Bangladesh,South-Asia,3,3_I,3I_A.2,
OR821935.1,DENV-3/USA/FL-BPHL-0137/2023,FL-DOH,FL-DOH,2023-08-28,Bangladesh,South-Asia,3,3_I,3I_A.2,
AY496874.2,BDH02-4,Islam_2005,NCBI,2002-XX-XX,Bangladesh,South-Asia,3,3_II,3II_B,
LC436676.1,B17-1471,Suzuki_2020,NCBI,2017-10-XX,Bangladesh,South-Asia,3,3_I,3I_A.2,
LC436677.1,B17-1479,Suzuki_2020,NCBI,2017-10-XX,Bangladesh,South-Asia,3,3_I,3I_A.2,
OR389032.1,DENV3/Barbados/2001/Yale-DH169,Vogels_1905,Yale,2001-06-23,Barbados,Caribbean,3,3_III,3III_C,
DH169,CAREC 01-11828,Ott_2022,Yale,2001-XX-XX,Barbados,Caribbean,3,3_III,3III_C,
KU509278.1,DENV3-254,Shihada_2017,NCBI,2007-XX-XX,Barbados,Caribbean,3,3_III,3III_C,
OM865795.1,SV200184,Binay Thapa_2019,NCBI,2019-08-24,Bhutan,South-Asia,3,3_III,3III_B.3,
MH888333.1,BOL_4025,Touret_2019,NCBI,2011-01-01,Bolivia,South-America,3,3_III,3III_C,
OQ706228.1,Fiocruz-ILMD-LACENRR-AR2300003,Souza_2023,NCBI,2023-01-03,Brazil,South-America,3,3_III,3III_B.3,
OQ706227.1,Fiocruz-ILMD-LACENRR-AR2300002,Souza_2023,NCBI,2023-01-22,Brazil,South-America,3,3_III,3III_B.3,
OQ706226.1,Fiocruz-ILMD-LACENRR-AR2300001,Souza_2023,NCBI,2023-03-04,Brazil,South-America,3,3_III,3III_B.3,
OQ868517.1,Fiocruz-ILMD-LACENPR-AR2300004,Presibella_2023,NCBI,2023-03-12,Brazil,South-America,3,3_III,3III_B.3,
FJ177308.1,BR73354mosq/01,Castro_2008,NCBI,2001-XX-XX,Brazil,South-America,3,3_III,3III_C,
FJ898446.1,DENV-3/BR/BID-V2977/2001,Henn_2009,NCBI,2001-XX-XX,Brazil,South-America,3,3_III,3III_C,
FJ913015.1,DENV-3/BR/BID-V2380/2001,Henn_2009,NCBI,2001-XX-XX,Brazil,South-America,3,3_III,3III_C,
EF629369.1,BR_DEN3_290-02,Duarte dos Santos_2007,NCBI,2002-XX-XX,Brazil,South-America,3,3_III,3III_C,
JF808125.1,D3BR/SL3/02,Alfonso_2013,NCBI,2002-XX-XX,Brazil,South-America,3,3_III,3III_C,
JX669490.1,85469/BR-PE/02,Silva_2013,NCBI,2002-XX-XX,Brazil,South-America,3,3_III,3III_C,
JX669491.1,81257/BR-PE/02,Silva_2013,NCBI,2002-XX-XX,Brazil,South-America,3,3_III,3III_C,
KF955473.1,DENV-3/BR/BID-V2383/2002,Zody_2014,NCBI,2002-XX-XX,Brazil,South-America,3,3_III,3III_C,
EF643017.1,D3BR/RP1/2003,Goncalves_2008,NCBI,2003-XX-XX,Brazil,South-America,3,3_III,3III_C,
FJ850079.1,DENV-3/BR/BID-V2387/2003,Henn_2009,NCBI,2003-XX-XX,Brazil,South-America,3,3_III,3III_C.1,
FJ898447.1,DENV-3/BR/BID-V2983/2003,Henn_2009,NCBI,2003-XX-XX,Brazil,South-America,3,3_III,3III_C,
JF808126.1,D3BR/PV1/03,Alfonso_2013,NCBI,2003-XX-XX,Brazil,South-America,3,3_III,3III_C,
JX669489.1,101905/BR-PE/03,Silva_2013,NCBI,2003-XX-XX,Brazil,South-America,3,3_III,3III_C,
EF629366.1,BR_DEN3_95-04,Duarte dos Santos_2007,NCBI,2004-XX-XX,Brazil,South-America,3,3_III,3III_C,
EF629367.1,BR_DEN3_97-04,Duarte dos Santos_2007,NCBI,2004-XX-XX,Brazil,South-America,3,3_III,3III_C,
JF808119.1,D3BR/BR8/04,Alfonso_2013,NCBI,2004-XX-XX,Brazil,South-America,3,3_III,3III_C,
JX669495.1,145/BR-PE/04,Silva_2013,NCBI,2004-XX-XX,Brazil,South-America,3,3_III,3III_C,
JX669498.1,129/BR-PE/04,Silva_2013,NCBI,2004-XX-XX,Brazil,South-America,3,3_III,3III_C,
FJ850086.1,DENV-3/BR/BID-V2394/2005,Henn_2009,NCBI,2005-XX-XX,Brazil,South-America,3,3_III,3III_C,
JX669494.1,277/BR-PE/05,Silva_2013,NCBI,2005-XX-XX,Brazil,South-America,3,3_III,3III_C,
JX669500.1,249/BR-PE/05,Silva_2013,NCBI,2005-XX-XX,Brazil,South-America,3,3_III,3III_C,
JX669502.1,283/BR-PE/05,Silva_2013,NCBI,2005-XX-XX,Brazil,South-America,3,3_III,3III_C,
JX669503.1,314/BR-PE/06,Silva_2013,NCBI,2005-XX-XX,Brazil,South-America,3,3_III,3III_C,
GU131844.1,DENV-3/BR/BID-V3417/2006,Henn_2009,NCBI,2006-XX-XX,Brazil,South-America,3,3_III,3III_C,
GU131848.1,DENV-3/BR/BID-V3429/2006,Henn_2009,NCBI,2006-XX-XX,Brazil,South-America,3,3_III,3III_C,
GU131853.1,DENV-3/BR/BID-V3442/2006,Henn_2009,NCBI,2006-XX-XX,Brazil,South-America,3,3_III,3III_C,
JN697379.1,DENV3/BR/D3LIMHO/2006,Costa_2011,NCBI,2006-XX-XX,Brazil,South-America,3,3_V_related,3V,
JX669506.1,420/BR-PE/06,Silva_2013,NCBI,2006-XX-XX,Brazil,South-America,3,3_III,3III_C,
GU131861.1,DENV-3/BR/BID-V3469/2007,Henn_2009,NCBI,2007-XX-XX,Brazil,South-America,3,3_III,3III_C,
GU131866.1,DENV-3/BR/BID-V3585/2007,Henn_2009,NCBI,2007-XX-XX,Brazil,South-America,3,3_III,3III_C,
GU131869.1,DENV-3/BR/BID-V3590/2007,Henn_2009,NCBI,2007-XX-XX,Brazil,South-America,3,3_III,3III_C,
GU131875.1,DENV-3/BR/BID-V3605/2007,Henn_2009,NCBI,2007-XX-XX,Brazil,South-America,3,3_III,3III_C,
JF808121.1,D3BR/ACN/2007,Alfonso_2013,NCBI,2007-XX-XX,Brazil,South-America,3,3_III,3III_C,
FJ850094.1,DENV-3/BR/BID-V2403/2008,Henn_2009,NCBI,2008-XX-XX,Brazil,South-America,3,3_III,3III_C,
JF808120.1,D3BR/AL95/2009,Alfonso_2013,NCBI,2009-XX-XX,Brazil,South-America,3,3_III,3III_C,
MT261974.1,IP179,Letizia_2020,NCBI,2017-11-13,Burkina-Faso,Sub-Saharan-Africa,3,3_III,3III_B.2,
OR389033.1,DENV3/Cambodia/2011/Yale-DH166,Vogels_1905,Yale,2011-07-03,Cambodia,Southeast-Asia,3,3_III,3III_B.1,
KF955461.1,DENV-3/KH/BID-V2070/1999,Zody_2014,NCBI,1999-XX-XX,Cambodia,Southeast-Asia,3,3_II,3II_A,
FJ639719.1,DENV-3/KH/BID-V2071/2000,Henn_2009,NCBI,2000-XX-XX,Cambodia,Southeast-Asia,3,3_II,3II_A,
GQ868626.1,DENV-3/KH/BID-V2075/2001,Henn_2009,NCBI,2001-XX-XX,Cambodia,Southeast-Asia,3,3_II,3II_A,
FJ639722.1,DENV-3/KH/BID-V2079/2002,Henn_2009,NCBI,2002-XX-XX,Cambodia,Southeast-Asia,3,3_II,3II_A,
FJ639725.1,DENV-3/KH/BID-V2082/2003,Henn_2009,NCBI,2003-XX-XX,Cambodia,Southeast-Asia,3,3_II,3II_A,
FJ639726.1,DENV-3/KH/BID-V2083/2004,Henn_2009,NCBI,2004-XX-XX,Cambodia,Southeast-Asia,3,3_II,3II_A,
GQ868629.1,DENV-3/KH/BID-V2087/2005,Henn_2009,NCBI,2005-XX-XX,Cambodia,Southeast-Asia,3,3_II,3II_A,
GU131911.1,DENV-3/IPC/BID-V3825/2006,Henn_2009,NCBI,2006-XX-XX,Cambodia,Southeast-Asia,3,3_II,3II_A,
GU131934.1,DENV-3/IPC/BID-V4282/2007,Henn_2009,NCBI,2007-XX-XX,Cambodia,Southeast-Asia,3,3_II,3II_A,
FJ639716.1,DENV-3/KH/BID-V2054/2008,Henn_2009,NCBI,2008-XX-XX,Cambodia,Southeast-Asia,3,3_II,3II_A,
Chad_Dengue_Sample07_v2/ARTIC/medaka,NC_001475.2,Joseph,Joseph,2023-10-01,Chad,Sub-Saharan-Africa,3,3_III,3III_B.3,
GU363549.1,GZ1D3,Zhang_2010,NCBI,2009-06-08,China,East-Asia,3,3_III,3III_B.2,
MN018383.1,D14014,Wu_2020,NCBI,2014-09-08,China,East-Asia,3,3_I,3I_A,
MN018385.1,D16154,Wu_2020,NCBI,2016-09-20,China,East-Asia,3,3_III,3III_B.3,
MN018388.1,D17641,Wu_2020,NCBI,2017-07-11,China,East-Asia,3,3_I,3I_A.2,
MK894338.1,18XN04331,Su_2019,NCBI,2018-05-02,China,East-Asia,3,3_I,3I_A.1,
ON891145.1,19XN50516_D3_CHN,Su_2019,NCBI,2019-06-01,China,East-Asia,3,3_III,3III_B.3,
EU367962.1,07CHLS001,Lei_2008,NCBI,2007-XX-XX,China,East-Asia,3,3_II,3II_A,
KC261634.1,GZ/10476/2012,Bai_2013,NCBI,2012-XX-XX,China,East-Asia,3,3_II,3II_A.3,
KR296743.1,YNSW1,Wang_2015,NCBI,2013-XX-XX,China,East-Asia,3,3_II,3II_B,
MW720889.1,GZ8H_2019151_2019_III,Zhao_2022,NCBI,2019-09-XX,China,East-Asia,3,3_I,3I_A.1,
DH163,UIS 58,Ott_2022,Yale,2003-03-07,Colombia,Colombia,3,3_III,3III_C.1,
OR389034.1,DENV3/Colombia/2003/Yale-DH163,Vogels_1905,Yale,2003-06-25,Colombia,Colombia,3,3_III,3III_C.1,
MH544650.1,449982_Meta_CO_2015,Laiton Donato_2018,NCBI,2015-07-09,Colombia,Colombia,3,3_III,3III_C.1,
OQ603306.1,449334,Laiton-Donato_2015,NCBI,2015-08-21,Colombia,Colombia,3,3_III,3III_C.1,
MH544647.1,449335_Boyaca_CO_2015,Laiton Donato_2018,NCBI,2015-08-23,Colombia,Colombia,3,3_III,3III_C,
MH544649.1,449686_Antioquia_CO_2015,Laiton Donato_2018,NCBI,2015-09-15,Colombia,Colombia,3,3_III,3III_C.1,
OQ603312.1,459860,Laiton-Donato_2016,NCBI,2016-01-21,Colombia,Colombia,3,3_III,3III_C,
MH544651.1,476947_Risaralda_CO_2016,Laiton Donato_2018,NCBI,2016-04-16,Colombia,Colombia,3,3_III,3III_C,
OQ603313.1,476944,Laiton-Donato_2016,NCBI,2016-04-26,Colombia,Colombia,3,3_III,3III_C,
OQ603314.1,483948,Laiton-Donato_2016,NCBI,2016-07-20,Colombia,Colombia,3,3_III,3III_C,
OQ603315.1,484832,Laiton-Donato_2016,NCBI,2016-08-05,Colombia,Colombia,3,3_III,3III_C,
DENV3/Colombia/2021-08-12/Yale-DN00994,220199,FL-DPH,Yale,2021-08-12,Colombia,Colombia,3,3_III,3III_C.1,
OR771119.1,DENV-3/USA/FL-BPHL-0050/2023,FL-DOH,FL-DOH,2023-03-19,Colombia,Colombia,3,3_III,3III_C.1,
PP709305.1,DENV-3/USA/FL-BPHL-0216/2023,FL-DPH,NCBI,2023-11-12,Colombia,Colombia,3,3_III,3III_C.1,
PP708039.1,DENV-3/USA/FL-BPHL-0012/2024,FL-DPH,NCBI,2024-01-18,Colombia,Colombia,3,3_III,3III_C.1,
GQ199891.1,DENV-3/CO/BID-V2978/2001,Henn_2009,NCBI,2001-XX-XX,Colombia,Colombia,3,3_III,3III_C.1,
GU131950.1,DENV-3/CO/BID-V3392/2001,Henn_2009,NCBI,2001-XX-XX,Colombia,Colombia,3,3_III,3III_C.1,
GQ868571.1,DENV-3/CO/BID-V3393/2002,Henn_2009,NCBI,2002-XX-XX,Colombia,Colombia,3,3_III,3III_C.1,
FJ898443.1,DENV-3/CO/BID-V2984/2003,Henn_2009,NCBI,2003-XX-XX,Colombia,Colombia,3,3_III,3III_C.1,
GQ868573.1,DENV-3/CO/BID-V3397/2003,Henn_2009,NCBI,2003-XX-XX,Colombia,Colombia,3,3_III,3III_C.1,
GU131951.1,DENV-3/CO/BID-V3394/2003,Henn_2009,NCBI,2003-XX-XX,Colombia,Colombia,3,3_III,3III_C.1,
GQ868575.1,DENV-3/CO/BID-V3400/2004,Henn_2009,NCBI,2004-XX-XX,Colombia,Colombia,3,3_III,3III_C.1,
GU131953.1,DENV-3/CO/BID-V3401/2004,Henn_2009,NCBI,2004-XX-XX,Colombia,Colombia,3,3_III,3III_C.1,
FJ898444.1,DENV-3/CO/BID-V2986/2005,Henn_2009,NCBI,2005-XX-XX,Colombia,Colombia,3,3_III,3III_C.1,
GQ868576.1,DENV-3/CO/BID-V3402/2005,Henn_2009,NCBI,2005-XX-XX,Colombia,Colombia,3,3_III,3III_C.1,
GQ868577.1,DENV-3/CO/BID-V3403/2005,Henn_2009,NCBI,2005-XX-XX,Colombia,Colombia,3,3_III,3III_C.1,
GU131954.1,DENV-3/CO/BID-V3404/2006,Henn_2009,NCBI,2006-XX-XX,Colombia,Colombia,3,3_III,3III_C.1,
FJ898445.1,DENV-3/CO/BID-V2988/2007,Henn_2009,NCBI,2007-XX-XX,Colombia,Colombia,3,3_III,3III_C.1,
GQ868578.1,DENV-3/CO/BID-V3405/2007,Henn_2009,NCBI,2007-XX-XX,Colombia,Colombia,3,3_III,3III_C.1,
OQ603307.1,449499,Laiton-Donato_1905,NCBI,2015-XX-XX,Colombia,Colombia,3,3_III,3III_C.1,
Yale-DN02322_1.DENV3,D0003,CEIP,Yale,2023-04-24,Colombia,Colombia(Cali),3,3_III,3III_C.1,
Yale-DN02335_1.DENV3,D0042,CEIP,Yale,2023-07-26,Colombia,Colombia(Cali),3,3_III,3III_C.1,
Yale-DN02374_1.DENV3,D0082,CEIP,Yale,2023-09-09,Colombia,Colombia(Cali),3,3_III,3III_C.1,
Yale-DN02422_1.DENV3,D0140,CEIP,Yale,2023-11-06,Colombia,Colombia(Cali),3,3_III,3III_C.1,
Yale-DN02433_1.DENV3,D0155,CEIP,Yale,2023-11-19,Colombia,Colombia(Cali),3,3_III,3III_C.1,
Yale-DN02539_1.DENV3,D0276,CEIP,Yale,2024-02-09,Colombia,Colombia(Cali),3,3_III,3III_C.1,
Yale-DN02564.DENV3,D0308,CEIP,Yale,2024-02-23,Colombia,Colombia(Cali),3,3_III,3III_C.1,
Yale-DN02586_1.DENV3,D0334,CEIP,Yale,2024-03-05,Colombia,Colombia(Cali),3,3_III,3III_C.1,
Yale-DN02514_1.DENV3,D0248,CEIP,Yale,2024-01-29,Colombia,Colombia(Cali),3,3_III,3III_C.1,
Yale-DN02581_1.DENV3,D0329,CEIP,Yale,2024-03-04,Colombia,Colombia(Cali),3,3_III,3III_C.1,
Yale-DN02580_1.DENV3,D0328,CEIP,Yale,2024-03-04,Colombia,Colombia(Cali),3,3_III,3III_C.1,
Yale-DN02576.DENV3,D0324,CEIP,Yale,2024-03-03,Colombia,Colombia(Cali),3,3_III,3III_C.1,
Yale-DN02561_1.DENV3,D0305,CEIP,Yale,2024-02-19,Colombia,Colombia(Cali),3,3_III,3III_C.1,
Yale-DN02462.DENV3,D0193,CEIP,Yale,2023-12-16,Colombia,Colombia(Cali),3,3_III,3III_C.1,
Yale-DN02502.DENV3,D0234,CEIP,Yale,2024-01-16,Colombia,Colombia(Cali),3,3_III,3III_C.1,
Yale-DN02343_1.DENV3,D0050,CEIP,Yale,2023-08-05,Colombia,Colombia(Cali),3,3_III,3III_C.1,
Yale-DN02415_1.DENV3,D0131,CEIP,Yale,2023-10-21,Colombia,Colombia(Cali),3,3_III,3III_C.1,
Yale-DN02469_1.DENV3,D0200,CEIP,Yale,2023-12-19,Colombia,Colombia(Cali),3,3_III,3III_C.1,
Yale-DN02411_1.DENV3,D0126,CEIP,Yale,2023-10-23,Colombia,Colombia(Cali),3,3_III,3III_C.1,
Yale-DN02381_1.DENV3,D0090,CEIP,Yale,2023-09-14,Colombia,Colombia(Cali),3,3_III,3III_C.1,
Yale-DN02464.DENV3,D0195,CEIP,Yale,2023-12-18,Colombia,Colombia(Cali),3,3_III,3III_C.1,
Yale-DN02583.DENV3,D0331,CEIP,Yale,2024-03-05,Colombia,Colombia(Cali),3,3_III,3III_C.1,
Yale-DN02341_1.DENV3,D0048,CEIP,Yale,2023-08-02,Colombia,Colombia(Cali),3,3_III,3III_C.1,
Yale-DN02396_1.DENV3,D0108,CEIP,Yale,2023-09-30,Colombia,Colombia(Cali),3,3_III,3III_C.1,
Yale-DN02477.DENV3,D0209,CEIP,Yale,2024-01-03,Colombia,Colombia(Cali),3,3_III,3III_C.1,
Yale-DN02369_1.DENV3,D0076,CEIP,Yale,2023-09-02,Colombia,Colombia(Cali),3,3_III,3III_C.1,
Yale-DN02344_1.DENV3,D0051,CEIP,Yale,2023-08-05,Colombia,Colombia(Cali),3,3_III,3III_C.1,
Yale-DN02482_1.DENV3,D0214,CEIP,Yale,2024-01-04,Colombia,Colombia(Cali),3,3_III,3III_C.1,
Yale-DN02437_1.DENV3,D0159,CEIP,Yale,2023-11-20,Colombia,Colombia(Cali),3,3_III,3III_C.1,
Yale-DN02521_1.DENV3,D0255,CEIP,Yale,2024-01-30,Colombia,Colombia(Cali),3,3_III,3III_C.1,
Yale-DN02454.DENV3,D0180,CEIP,Yale,2023-12-03,Colombia,Colombia(Cali),3,3_III,3III_C.1,
Yale-DN02585_1.DENV3,D0333,CEIP,Yale,2024-03-02,Colombia,Colombia(Cali),3,3_III,3III_C.1,
FJ898455.1,DENV-3/CK/BID-V2972/1991,Henn_2009,NCBI,1991-XX-XX,Cook-Islands,Pacific,3,3_I_related,3I_B,
OR821932.1,DENV-3/USA/FL-BPHL-0134/2023,FL-DOH,FL-DOH,2023-07-11,Costa-Rica,Central-America,3,3_III,3III_B.3,
OR977070.1,DENV-3/USA/FL-BPHL-0175/2023,FL-DPH,NCBI,2023-07-22,Costa-Rica,Central-America,3,3_III,3III_B.3,
PP709303.1,DENV-3/USA/FL-BPHL-0214/2023,FL-DPH,NCBI,2023-08-28,Costa-Rica,Central-America,3,3_III,3III_B.3,
PP709308.1,DENV-3/USA/FL-BPHL-0219/2023,FL-DPH,NCBI,2023-11-16,Costa-Rica,Central-America,3,3_III,3III_B.3,
DENV3/Cuba/2016-01-13/Yale-DN00063,190262,FL-DPH,Yale,2016-01-13,Cuba,Caribbean,3,3_III,3III_C.1,
OQ445959,US/DB377/2022,FL-DPH,CDC,2022-06-29,Cuba,Caribbean,3,3_III,3III_B.3,
OQ445939,US/DB397/2022,FL-DPH,CDC,2022-07-22,Cuba,Caribbean,3,3_III,3III_B.3,
DENV3/Cuba/2022-08-24/Yale-DN00809,230412,FL-DPH,Yale,2022-08-24,Cuba,Caribbean,3,3_III,3III_B.3,
DENV3/Cuba/2022-09-17/Yale-DN00856,230515,FL-DPH,Yale,2022-09-17,Cuba,Caribbean,3,3_III,3III_B.3,
DENV3/Cuba/2022-11-29/Yale-DN00936,230460,FL-DPH,Yale,2022-11-29,Cuba,Caribbean,3,3_III,3III_B.3,
OR150754.1,DENV-3/USA/FL-BPHL-0011/2023,Schmedes_2023,NCBI,2023-01-08,Cuba,Caribbean,3,3_III,3III_B.3,
OR771120.1,DENV-3/USA/FL-BPHL-0051/2023,FL-DOH,FL-DOH,2023-03-29,Cuba,Caribbean,3,3_III,3III_B.3,
PP709294.1,DENV-3/USA/FL-BPHL-0205/2023,FL-DPH,NCBI,2023-07-29,Cuba,Caribbean,3,3_III,3III_B.3,
OR771186.1,DENV-3/USA/FL-BPHL-0117/2023,FL-DOH,FL-DOH,2023-09-21,Cuba,Caribbean,3,3_III,3III_B.3,
PP692461.1,DENV-3/USA/FL-BPHL-0245/2023,FL-DPH,NCBI,2023-12-12,Cuba,Caribbean,3,3_III,3III_B.3,
KT726340.1,Cuba_118_2001,Rodriguez-Roche_2016,NCBI,2001-XX-XX,Cuba,Caribbean,3,3_III,3III_C.1,
KT726342.1,Cuba_553_2001,Rodriguez-Roche_2016,NCBI,2001-XX-XX,Cuba,Caribbean,3,3_III,3III_C,
KT726350.1,Cuba_26_2001,Rodriguez-Roche_2016,NCBI,2001-XX-XX,Cuba,Caribbean,3,3_III,3III_C,
KT726354.1,Cuba_504_2001,Rodriguez-Roche_2016,NCBI,2001-XX-XX,Cuba,Caribbean,3,3_III,3III_C,
KT726358.1,Cuba_547_2001,Rodriguez-Roche_2016,NCBI,2001-XX-XX,Cuba,Caribbean,3,3_III,3III_C,
KT726345.1,Cuba_11_2002,Rodriguez-Roche_2016,NCBI,2002-XX-XX,Cuba,Caribbean,3,3_III,3III_C,
KT726346.1,Cuba_16_2002,Rodriguez-Roche_2016,NCBI,2002-XX-XX,Cuba,Caribbean,3,3_III,3III_C,
KT726347.1,Cuba_17_2002,Rodriguez-Roche_2016,NCBI,2002-XX-XX,Cuba,Caribbean,3,3_III,3III_C,
KT726348.1,Cuba_21_2002,Rodriguez-Roche_2016,NCBI,2002-XX-XX,Cuba,Caribbean,3,3_III,3III_C,
KT726361.1,Cuba_20_2002,Rodriguez-Roche_2016,NCBI,2002-XX-XX,Cuba,Caribbean,3,3_III,3III_C,
PP708031.1,DENV-3/USA/FL-BPHL-0004/2024,FL-DPH,NCBI,2024-01-09,Dominican-Republic,Caribbean,3,3_III,3III_B.3,
FJ898457.1,DENV-3/EC/BID-V2975/2000,Henn_2009,NCBI,2000-XX-XX,Ecuador,South-America,3,3_III,3III_C,
OK605765.1,DENV3-4_OBT_1477,Tamura_2022,NCBI,2001-XX-XX,Ecuador,South-America,3,3_III,3III_C,
ON908232.1,19XN27399,Su_2019,NCBI,2019-11-09,Ethiopia,Sub-Saharan-Africa,3,3_III,3III_B.2,
MW946691.1,29472-L11422-I,Katzelnick_2021,NCBI,1992-XX-XX,Fiji,Pacific,3,3_I_related,3I_B,
DENV3/USA_Florida/2014-07-02/Yale-DN00345-1,190098,FL-DPH,Yale,2014-07-02,Florida(USA),North-America,3,3_I,3I_A,
DENV3/USA_Florida/2022-08-08/Yale-DN00785,230010,FL-DPH,Yale,2022-08-08,Florida(USA),North-America,3,3_III,3III_B.3,
OQ445922,US/DB360/2022,FL-DPH,CDC,2022-08-29,Florida(USA),North-America,3,3_III,3III_B.3,
OQ445925,US/DB363/2022,FL-DPH,CDC,2022-09-14,Florida(USA),North-America,3,3_III,3III_B.3,
OQ445933,US/DB371/2022,FL-DPH,CDC,2022-10-24,Florida(USA),North-America,3,3_III,3III_B.3,
OR150744.1,DENV-3/USA/FL-BPHL-0002/2022,Schmedes_2022,NCBI,2022-12-19,Florida(USA),North-America,3,3_III,3III_B.3,
OR771126.1,DENV-3/USA/FL-BPHL-0057/2023,FL-DOH,FL-DOH,2023-07-12,Florida(USA),North-America,3,3_III,3III_B.3,
OR771177.1,DENV-3/USA/FL-BPHL-0101/2023,FL-DOH,FL-DOH,2023-09-06,Florida(USA),North-America,3,3_III,3III_B.3,
OR771190.1,DENV-3/USA/FL-BPHL-0121/2023,FL-DOH,FL-DOH,2023-09-29,Florida(USA),North-America,3,3_III,3III_B.3,
OR821955.1,DENV-3/USA/FL-BPHL-0157/2023,FL-DOH,FL-DOH,2023-10-09,Florida(USA),North-America,3,3_III,3III_B.3,
OR977091.1,DENV-3/USA/FL-BPHL-0196/2023,FL-DPH,NCBI,2023-11-15,Florida(USA),North-America,3,3_III,3III_B.3,
PP708029.1,DENV-3/USA/FL-BPHL-0002/2024,FL-DPH,NCBI,2024-01-02,Florida(USA),North-America,3,3_III,3III_B.3,
PP708030.1,DENV-3/USA/FL-BPHL-0003/2024,FL-DPH,NCBI,2024-01-08,Florida(USA),North-America,3,3_III,3III_B.3,
PP708038.1,DENV-3/USA/FL-BPHL-0011/2024,FL-DPH,NCBI,2024-01-20,Florida(USA),North-America,3,3_III,3III_B.3,
JQ920476.1,PF91/090891-22130,Aubry_2013,NCBI,1991-09-08,French-Polynesia,Pacific,3,3_I_related,3I_B,
JQ920477.1,PF93/200493-110185,Aubry_2013,NCBI,1993-04-20,French-Polynesia,Pacific,3,3_I_related,3I_B,
JQ920478.1,PF95/190795-20064,Aubry_2013,NCBI,1995-07-19,French-Polynesia,Pacific,3,3_I_related,3I_B,
JQ920480.1,PF96/040996-24881,Aubry_2013,NCBI,1996-04-09,French-Polynesia,Pacific,3,3_I_related,3I_B,
AY744677.1,PF89/27643,Roche_2005,NCBI,1989-XX-XX,French-Polynesia,Pacific,3,3_I_related,3I_B,
AY744679.1,PF90/3050,Roche_2005,NCBI,1990-XX-XX,French-Polynesia,Pacific,3,3_I_related,3I_B,
AY744680.1,PF90/3056,Roche_2005,NCBI,1990-XX-XX,French-Polynesia,Pacific,3,3_I_related,3I_B,
AY744683.1,PF92/2986,Roche_2005,NCBI,1992-XX-XX,French-Polynesia,Pacific,3,3_I_related,3I_B,
AY744685.1,PF94/136116,Roche_2005,NCBI,1994-XX-XX,French-Polynesia,Pacific,3,3_I_related,3I_B,
LC379195.1,SYMAV-07/Gabon/2016,Abe_2019,NCBI,2016-07-14,Gabon,Sub-Saharan-Africa,3,3_III,3III_B.2,
LC379197.1,SYMAV-17/Gabon/2017,Abe_2019,NCBI,2017-04-15,Gabon,Sub-Saharan-Africa,3,3_III,3III_B.2,
KF955505.1,DENV-3/GD/BID-V3930/2002,Zody_2014,NCBI,2002-XX-XX,Grenada,Caribbean,3,3_III,3III_C,
OR229981.1,2020-IPG17,Garcia-Van Smevoorde_2020,NCBI,2020-08-XX,Guadeloupe,Caribbean,3,3_III,3III_B.3,
OR229980.1,2020-IPG16,Garcia-Van Smevoorde_2020,NCBI,2020-12-XX,Guadeloupe,Caribbean,3,3_III,3III_B.3,
PP709302.1,DENV-3/USA/FL-BPHL-0213/2023,FL-DPH,NCBI,2023-08-23,Guatemala,Central-America,3,3_III,3III_B.3,
OR977078.1,DENV-3/USA/FL-BPHL-0183/2023,FL-DPH,NCBI,2023-10-20,Guatemala,Central-America,3,3_III,3III_B.3,
DENV3/Cuba/2022-09-23/Yale-DN00845,230459,FL-DPH,Yale,2022-09-23,Guyana,South-America,3,3_III,3III_B.3,
OR977068.1,DENV-3/USA/FL-BPHL-0173/2023,FL-DPH,NCBI,2023-07-14,Guyana,South-America,3,3_III,3III_B.3,
PP709299.1,DENV-3/USA/FL-BPHL-0210/2023,FL-DPH,NCBI,2023-08-08,Guyana,South-America,3,3_III,3III_B.3,
FJ898464.1,DENV-3/GY/BID-V2980/2002,Henn_2009,NCBI,2002-XX-XX,Guyana,South-America,3,3_III,3III_C,
PP709295.1,DENV-3/USA/FL-BPHL-0206/2023,FL-DPH,NCBI,2023-07-30,Haiti,Caribbean,3,3_III,3III_B.3,
OR771141.1,DENV-3/USA/FL-BPHL-0069/2023,FL-DOH,FL-DOH,2023-08-03,Haiti,Caribbean,3,3_III,3III_B.3,
OR771150.1,DENV-3/USA/FL-BPHL-0077/2023,FL-DOH,FL-DOH,2023-08-09,Haiti,Caribbean,3,3_III,3III_B.3,
PP709304.1,DENV-3/USA/FL-BPHL-0215/2023,FL-DPH,NCBI,2023-08-30,Haiti,Caribbean,3,3_III,3III_B.3,
OR771149.1,DENV-3/USA/FL-BPHL-0076/2023,FL-DOH,FL-DOH,2023-08-11,Honduras,Central-America,3,3_III,3III_B.3,
AY770511.2,GWL-25,Dash_2004,NCBI,2003-11-03,India,South-Asia,3,3_III,3III_B,
KU216208.1,Rajasthan.India/DMRC/Balotra87/2013,Angel_2016,NCBI,2013-11-11,India,South-Asia,3,3_III,3III_B.1,
KX855927.1,I/B/DENV3/2014,Pattabiraman_2018,NCBI,2014-10-15,India,South-Asia,3,3_III,3III_B,
OR389035.1,DENV3/India/2015/Yale-DH168,Vogels_1905,Yale,2015-07-07,India,South-Asia,3,3_III,3III_B,
MN253124.1,MD_18_R4_DENV3_III_India,Jagtap_2020,NCBI,2017-10-08,India,South-Asia,3,3_III,3III_B.3,
MN253128.1,MD_144_R4_DENV3_III_India,Jagtap_2020,NCBI,2018-09-18,India,South-Asia,3,3_III,3III_B.3,
ON123658.1,MD056,Maurya_2022,NCBI,2019-05-10,India,South-Asia,3,3_III,3III_B.3,
ON123655.1,D25009,Maurya_2022,NCBI,2020-03-17,India,South-Asia,3,3_III,3III_B.3,
OM638675.1,MCL-21-H-12058_8539,Yadav_2022,NCBI,2021-11-29,India,South-Asia,3,3_III,3III_B.3,
DH102_AMPL,664481-1,Ott_2022,Yale,1966-XX-XX,India,South-Asia,3,3_III,3III,
DH103,NG_2923_703539,Ott_2021,Yale,1970-XX-XX,India,South-Asia,3,3_III_related,3III,
KF955477.1,DENV-3/IN/BID-V2417/1984,Zody_2014,NCBI,1984-XX-XX,India,South-Asia,3,3_II_related,3II,
JQ922556.1,DENV-3/IND/58760/2005,Jayashri_2013,NCBI,2005-XX-XX,India,South-Asia,3,3_III,3III_B.1,
FJ644564.1,ND143,Sharma_2011,NCBI,2007-XX-XX,India,South-Asia,3,3_III,3III_B,
GQ466079.1,DEL-72,Sharma_2011,NCBI,2008-XX-XX,India,South-Asia,3,3_III,3III_B,
KU509281.1,DENV3-2994,Shihada_2017,NCBI,2009-XX-XX,India,South-Asia,3,3_III,3III_B,
KU509286.1,DENV3-9468,Shihada_2017,NCBI,2011-XX-XX,India,South-Asia,3,3_III,3III_B,
MW192822.1,S19,Tiraki_2021,NCBI,2016-08-XX,India,South-Asia,3,3_III,3III_B,
MG721059.1,R1_J18,Pattabiraman_2019,NCBI,2016-XX-XX,India,South-Asia,3,3_III,3III_A.2,
OQ721960.1,THSTI-TRC-DENV3-17,Singh_1905,NCBI,2022-XX-XX,India,South-Asia,3,3_III,3III_B.3,
KC762683.1,MKS-0079,Sasmono_2015,NCBI,2007-07-26,Indonesia,Southeast-Asia,3,3_I,3I_A,
KC762689.1,MKS-2065,Sasmono_2015,NCBI,2008-02-15,Indonesia,Southeast-Asia,3,3_I,3I_A,
KC762693.1,MKS-WS79b,Sasmono_2015,NCBI,2010-03-29,Indonesia,Southeast-Asia,3,3_I,3I_A,
AY648961.1,Sleman/78,Blaney_2004,NCBI,1978-XX-XX,Indonesia,Southeast-Asia,3,3_I_related,3I_B,
DQ401690.1,InJ-16-82,Islam_2006,NCBI,1982-XX-XX,Indonesia,Southeast-Asia,3,3_II_related,3I,
DH106r,JKT_84-020,Ott_2021,Yale,1984-XX-XX,Indonesia,Southeast-Asia,3,3_I,3I_A,
OK605763.1,DENV3-2_JKT_85-934,Tamura_2022,NCBI,1985-XX-XX,Indonesia,Southeast-Asia,3,3_I,3I_A,
DH105,JKT_86-5283,Ott_2021,Yale,1986-XX-XX,Indonesia,Southeast-Asia,3,3_I_related,3I,
AY858038.2,den3_88,Suwandono_2005,NCBI,1988-XX-XX,Indonesia,Southeast-Asia,3,3_I,3I_A,
DQ675520.1,98TW182,King_2006,NCBI,1998-XX-XX,Indonesia,Southeast-Asia,3,3_II,3II,
AY858042.2,KJ30i,Suwandono_2005,NCBI,2004-XX-XX,Indonesia,Southeast-Asia,3,3_I,3I_A,
KY863456.1,201610225,Dhenni_2017,NCBI,2016-06-XX,Indonesia,Southeast-Asia,3,3_I,3I_A,
MH823209.1,SMD-031,Yohan_2019,NCBI,2016-XX-XX,Indonesia,Southeast-Asia,3,3_I,3I_A.1,
OQ714408.1,DBS47,Zuckerman_2024,NCBI,2022-09-XX,Israel,Middle-East-NA,3,3_III,3III_B.3,
OR574470.1,INMI-Case2/DENV3-III/2023,De Carli_2023,NCBI,2023-09-01,Italy,Europe,3,3_III,3III_B.3,
DENV3/Jamaica/2016-06-11/Yale-DN00296,190389,FL-DPH,Yale,2016-06-11,Jamaica,Caribbean,3,3_III,3III_B.3,
DENV3/Jamaica/2016-07-27/Yale-DN01052,190272,FL-DPH,Yale,2016-07-27,Jamaica,Caribbean,3,3_III,3III_B.3,
DENV3/Jamaica/2016-09-12/Yale-DN00053,190403,FL-DPH,Yale,2016-09-12,Jamaica,Caribbean,3,3_III,3III_B.3,
DENV3/Jamaica/2019-02-01/Yale-DN00490-2,200237,FL-DPH,Yale,2019-02-01,Jamaica,Caribbean,3,3_III,3III_B.3,
DENV3/Jamaica/2019-08-12/Yale-DN00584,200390,FL-DPH,Yale,2019-08-12,Jamaica,Caribbean,3,3_III,3III_B.3,
DENV3/Jamaica/2019-10-19/Yale-DN00761,200045,FL-DPH,Yale,2019-10-19,Jamaica,Caribbean,3,3_III,3III_B.3,
DENV3/Jamaica/2019-11-06/Yale-DN00711,200415,FL-DPH,Yale,2019-11-06,Jamaica,Caribbean,3,3_III,3III_B.3,
OQ821609.1,DENV3/Jamaica/2019-11-06/Yale-DN00711,FL-DPH,Yale,2019-11-06,Jamaica,Caribbean,3,3_III,3III_B.3,
DENV3/Jamaica/2020-01-17/Yale-DN01009,220286,FL-DPH,Yale,2020-01-17,Jamaica,Caribbean,3,3_III,3III_B.3,
MZ857204.1,KAJP3_DENV3_Kenya_Eastern.Africa_2011,Alfsnes_2021,NCBI,2011-XX-XX,Kenya,Sub-Saharan-Africa,3,3_III,3III_B,
MT076948.1,CFA379,Shah_2020,NCBI,2015-05-XX,Kenya,Sub-Saharan-Africa,3,3_V_related,3V,
KY849761.1,UI17583,Castonguay-Vanier_2018,NCBI,2010-07-27,Laos,Southeast-Asia,3,3_II,3II_B,
OR389342.1,DENV3/Malaysia/1989/Yale-DH109,Vogels_1905,Yale,1989-06-11,Malaysia,Southeast-Asia,3,3_II,3II,
OR389343.1,DENV3/Malaysia/1990/Yale-DH120,Vogels_1905,Yale,1990-06-12,Malaysia,Southeast-Asia,3,3_I,3I_A,
MF004386.1,Malaysia_CNR_17046/2012,Baronti_2018,NCBI,2012-04-10,Malaysia,Southeast-Asia,3,3_I,3I_A,
LT996912.1,59538,Abubakar_2020,NCBI,1987-XX-XX,Malaysia,Southeast-Asia,3,3_III,3III_A.2,
DH109,LN_83220,Ott_2021,Yale,1989-XX-XX,Malaysia,Southeast-Asia,3,3_II,3II,
LT996904.1,1708603,Abubakar_2020,NCBI,2007-XX-XX,Malaysia,Southeast-Asia,3,3_III,3III_A.2,
LT996905.1,2024403,Abubakar_2020,NCBI,2008-XX-XX,Malaysia,Southeast-Asia,3,3_III,3III_A.2,
LT996910.1,2933228,Abubakar_2020,NCBI,2010-XX-XX,Malaysia,Southeast-Asia,3,3_III,3III_A.2,
LT898451.1,2424900,Abubakar_2017,NCBI,2011-XX-XX,Malaysia,Southeast-Asia,3,3_III,3III_A.2,
MH051732.1,MS13004921,Idris_2020,NCBI,2014-12-XX,Malaysia,Southeast-Asia,3,3_I,3I_A,
ON890789.1,19XN11050_D3_MDV,Su_2019,NCBI,2019-05-19,Maldives,Southeast-Asia,3,3_III,3III_B.3,
OP895929.1,DENV3_6484_2019,Nagy_2019,NCBI,2019-12-XX,Maldives,South-Asia,3,3_III,3III_B.3,
AY099337.1,D3/H/IMTSSA-MART/1999/1243,Peyrefitte_2003,NCBI,1999-XX-XX,Martinique,Caribbean,3,3_III,3III_C,
OR229983.1,2020-CHUM21,Garcia-Van Smevoorde_2020,NCBI,2020-09-XX,Martinique,Caribbean,3,3_III,3III_B.2,
OM417341.1,623,Wong-Arambula_2022,NCBI,2021-09-19,Mexico,North-America,3,3_III,3III_C.2,
OM417340.1,582,Wong-Arambula_2022,NCBI,2021-09-21,Mexico,North-America,3,3_III,3III_C.2,
OR771172.1,DENV-3/USA/FL-BPHL-0112/2023,FL-DOH,FL-DOH,2023-09-06,Mexico,North-America,3,3_III,3III_B.3,
OR977074.1,DENV-3/USA/FL-BPHL-0179/2023,FL-DPH,NCBI,2023-10-18,Mexico,North-America,3,3_III,3III_B.3,
OR977096.1,DENV-3/USA/FL-BPHL-0201/2023,FL-DPH,NCBI,2023-11-15,Mexico,North-America,3,3_III,3III_B.3,
PP709321.1,DENV-3/USA/FL-BPHL-0226/2023,FL-DPH,NCBI,2023-11-22,Mexico,North-America,3,3_III,3III_B.3,
PP709323.1,DENV-3/USA/FL-BPHL-0228/2023,FL-DPH,NCBI,2023-11-22,Mexico,North-America,3,3_III,3III_B.3,
PP708028.1,DENV-3/USA/FL-BPHL-0001/2024,FL-DPH,NCBI,2024-01-21,Mexico,North-America,3,3_III,3III_B.3,
FJ898440.1,DENV-3/MX/BID-V2985/2003,Henn_2009,NCBI,2003-XX-XX,Mexico,North-America,3,3_III,3III_C,
FJ898441.1,DENV-3/MX/BID-V2987/2006,Henn_2009,NCBI,2006-XX-XX,Mexico,North-America,3,3_III,3III_C,
FJ898442.1,DENV-3/MX/BID-V2989/2007,Henn_2009,NCBI,2007-XX-XX,Mexico,North-America,3,3_III,3III_C,
FJ882575.1,DENV-3/MZ/BID-V2418/1985,Henn_2009,NCBI,1985-XX-XX,Mozambique,Sub-Saharan-Africa,3,3_III,3III,
OK469355.1,Dengue_3_S-40544_Burma_1973,Stica_2022,NCBI,1973-XX-XX,Myanmar,Southeast-Asia,3,3_II_related,3II,
OK469356.1,Dengue_3_S-40580_Burma_1976,Stica_2022,NCBI,1976-XX-XX,Myanmar,Southeast-Asia,3,3_II_related,3II,
MW946972.1,80931,Katzelnick_2021,NCBI,2008-XX-XX,Myanmar,Southeast-Asia,3,3_II,3II_B,
MW788902.1,YGH_D3_23_18consensus,Soe_2021,NCBI,2018-07-XX,Myanmar,Southeast-Asia,3,3_I,3I_A.1,
JQ920481.1,NC89/060289-283,Aubry_2013,NCBI,1989-06-02,New-Caledonia,Pacific,3,3_I_related,3I_B,
JQ920483.1,NC95/170895-3750,Aubry_2013,NCBI,1995-08-17,New-Caledonia,Pacific,3,3_I_related,3I_B,
JQ920486.1,NC96/181196-4690,Aubry_2013,NCBI,1996-11-18,New-Caledonia,Pacific,3,3_I_related,3I_B,
FJ882576.1,DENV-3/NI/BID-V2420/1994,Henn_2009,NCBI,1994-XX-XX,Nicaragua,Central-America,3,3_III,3III_C,
GQ199886.1,DENV-3/NI/BID-V2419/1998,Henn_2009,NCBI,1998-XX-XX,Nicaragua,Central-America,3,3_III,3III_C,
FJ850052.1,DENV-3/NI/BID-V2644/2008,Henn_2009,NCBI,2008-XX-XX,Nicaragua,Central-America,3,3_III,3III_C.2,
FJ873812.1,DENV-3/NI/BID-V2647/2008,Henn_2009,NCBI,2008-XX-XX,Nicaragua,Central-America,3,3_III,3III_C.2,
GQ199861.1,DENV-3/NI/BID-V3057/2008,Henn_2009,NCBI,2008-XX-XX,Nicaragua,Central-America,3,3_III,3III_C,
GQ199870.1,DENV-3/NI/BID-V3072/2008,Henn_2009,NCBI,2008-XX-XX,Nicaragua,Central-America,3,3_III,3III_C.2,
HQ541791.1,DENV-3/NI/BID-V3175/2008,Henn_2011,NCBI,2008-XX-XX,Nicaragua,Central-America,3,3_III,3III_C,
HM181976.1,DENV-3/NI/BID-V4766/2009,Henn_2010,NCBI,2009-XX-XX,Nicaragua,Central-America,3,3_III,3III_C.2,
HM756275.1,DENV-3/NI/BID-V4748/2009,Henn_2010,NCBI,2009-XX-XX,Nicaragua,Central-America,3,3_III,3III_C,
HQ705610.1,DENV-3/NI/BID-V4860/2009,Henn_2011,NCBI,2009-XX-XX,Nicaragua,Central-America,3,3_III,3III_C.2,
JF920394.1,DENV-3/NI/BID-V5452/2009,Henn_2011,NCBI,2009-XX-XX,Nicaragua,Central-America,3,3_III,3III_C,
KF921914.1,DENV-3/NI/BID-V4772/2009,Zody_2014,NCBI,2009-XX-XX,Nicaragua,Central-America,3,3_III,3III_C.2,
JF920406.1,DENV-3/NI/BID-V5468/2010,Henn_2011,NCBI,2010-XX-XX,Nicaragua,Central-America,3,3_III,3III_C.2,
JF937625.1,DENV-3/NI/BID-V5496/2010,Henn_2011,NCBI,2010-XX-XX,Nicaragua,Central-America,3,3_III,3III_C.2,
JF937638.1,DENV-3/NI/BID-V5517/2010,Henn_2011,NCBI,2010-XX-XX,Nicaragua,Central-America,3,3_III,3III_C,
JN093515.1,DENV-3/NI/BID-V5492/2010,Henn_2011,NCBI,2010-XX-XX,Nicaragua,Central-America,3,3_III,3III_C,
KF921924.1,DENV-3/NI/BID-V5472/2010,Zody_2014,NCBI,2010-XX-XX,Nicaragua,Central-America,3,3_III,3III_C.2,
KF973476.1,DENV-3/NI/BID-V7634/2011,Zody_2014,NCBI,2011-XX-XX,Nicaragua,Central-America,3,3_III,3III_C,
KF973477.1,DENV-3/NI/BID-V7637/2011,Zody_2014,NCBI,2011-XX-XX,Nicaragua,Central-America,3,3_III,3III_C.2,
KF973482.1,DENV-3/NI/BID-V7663/2011,Zody_2014,NCBI,2011-XX-XX,Nicaragua,Central-America,3,3_III,3III_C.2,
KF973485.1,DENV-3/NI/BID-V7674/2011,Zody_2014,NCBI,2011-XX-XX,Nicaragua,Central-America,3,3_III,3III_C.2,
KF973487.1,DENV-3/NI/BID-V7699/2011,Zody_2014,NCBI,2011-XX-XX,Nicaragua,Central-America,3,3_III,3III_C.2,
KF973478.1,DENV-3/NI/BID-V7646/2012,Zody_2014,NCBI,2012-XX-XX,Nicaragua,Central-America,3,3_III,3III_C.2,
KF973479.1,DENV-3/NI/BID-V7657/2012,Zody_2014,NCBI,2012-XX-XX,Nicaragua,Central-America,3,3_III,3III_C.2,
KF973480.1,DENV-3/NI/BID-V7658/2012,Zody_2014,NCBI,2012-XX-XX,Nicaragua,Central-America,3,3_III,3III_C.2,
KF973486.1,DENV-3/NI/BID-V7694/2012,Zody_2014,NCBI,2012-XX-XX,Nicaragua,Central-America,3,3_III,3III_C.2,
MZ008469.1,D3/NI/5344_10A1/2013,Edgerton_2021,NCBI,2013-XX-XX,Nicaragua,Central-America,3,3_III,3III_C.2,
MZ008471.1,D3/NI/1559_1E/2013,Edgerton_2021,NCBI,2013-XX-XX,Nicaragua,Central-America,3,3_III,3III_C.2,
MZ008472.1,D3/NI/1540_1E/2013,Edgerton_2021,NCBI,2013-XX-XX,Nicaragua,Central-America,3,3_III,3III_C.2,
MZ008475.1,D3/NI/1648_1E/2013,Edgerton_2021,NCBI,2013-XX-XX,Nicaragua,Central-America,3,3_III,3III_C.2,
MZ008477.1,D3/NI/6629_10A1/2013,Edgerton_2021,NCBI,2013-XX-XX,Nicaragua,Central-America,3,3_III,3III_C.2,
MZ008468.1,D3/NI/4834_11A1/2014,Edgerton_2021,NCBI,2014-XX-XX,Nicaragua,Central-America,3,3_III,3III_C.2,
MZ008476.1,D3/NI/336_11A1/2014,Edgerton_2021,NCBI,2014-XX-XX,Nicaragua,Central-America,3,3_III,3III_C.2,
OQ132878.1,402330_DEN3_Niger_2022,Lagare_2022,NCBI,2022-08-18,Niger,Sub-Saharan-Africa,3,3_III,3III_B.3,
KF041257.1,D3/Pakistan/52440/2006,Koo_2013,NCBI,2006-XX-XX,Pakistan,South-Asia,3,3_III,3III_B,
KF041255.1,D3/Pakistan/55505/2007,Koo_2013,NCBI,2007-XX-XX,Pakistan,South-Asia,3,3_III,3III_B,
KF041254.1,D3/Pakistan/56/2008,Koo_2013,NCBI,2008-XX-XX,Pakistan,South-Asia,3,3_III,3III_B,
KF041258.1,D3/Pakistan/45251/2009,Koo_2013,NCBI,2009-XX-XX,Pakistan,South-Asia,3,3_III,3III_B,
KY794787.1,71009,Luang-Suarkia_2018,NCBI,2007-09-10,Papua-New-Guinea,Pacific,3,3_I,3I_A,
KY794789.1,80521,Luang-Suarkia_2018,NCBI,2008-05-21,Papua-New-Guinea,Pacific,3,3_I,3I_A,
KY794786.1,101027,Luang-Suarkia_2018,NCBI,2010-10-27,Papua-New-Guinea,Pacific,3,3_I,3I_A,
JF808123.1,D3PY/AS12/02,Alfonso_2013,NCBI,2002-XX-XX,Paraguay,South-America,3,3_III,3III_C,
JF808122.1,D3PY/SUS/2003,Alfonso_2013,NCBI,2003-XX-XX,Paraguay,South-America,3,3_III,3III_C,
JF808128.1,D3PY/PJ4/03,Alfonso_2013,NCBI,2003-XX-XX,Paraguay,South-America,3,3_III,3III_C,
JF808129.1,D3PY/AS10/03,Alfonso_2013,NCBI,2003-XX-XX,Paraguay,South-America,3,3_III,3III_C,
HQ235027.1,PAR_DENV3_5532-07,Silveira_2011,NCBI,2007-XX-XX,Paraguay,South-America,3,3_III,3III_C,
OK605762.1,DENV3-1_FPA0099,Tamura_2022,NCBI,2007-XX-XX,Paraguay,South-America,3,3_III,3III_C,
FJ898458.1,DENV-3/PE/BID-V2981/2002,Henn_2009,NCBI,2002-XX-XX,Peru,South-America,3,3_III,3III_C,
KJ189255.1,DENV-3/PE/BID-V6156/2002,Zody_2014,NCBI,2002-XX-XX,Peru,South-America,3,3_III,3III_C,
KJ189258.1,DENV-3/PE/BID-V6167/2002,Zody_2014,NCBI,2002-XX-XX,Peru,South-America,3,3_III,3III_C,
KJ189259.1,DENV-3/PE/BID-V6168/2002,Zody_2014,NCBI,2002-XX-XX,Peru,South-America,3,3_III,3III_C,
KJ189260.1,DENV-3/PE/BID-V6170/2002,Zody_2014,NCBI,2002-XX-XX,Peru,South-America,3,3_III,3III_C,
KJ189257.1,DENV-3/PE/BID-V6159/2004,Zody_2014,NCBI,2004-XX-XX,Peru,South-America,3,3_III,3III_C,
KJ189263.1,DENV-3/PE/BID-V7042/2004,Zody_2014,NCBI,2004-XX-XX,Peru,South-America,3,3_III,3III_C,
KJ189264.1,DENV-3/PE/BID-V7043/2004,Zody_2014,NCBI,2004-XX-XX,Peru,South-America,3,3_III,3III_C,
KJ189265.1,DENV-3/PE/BID-V7046/2004,Zody_2014,NCBI,2004-XX-XX,Peru,South-America,3,3_III,3III_C,
KJ189266.1,DENV-3/PE/BID-V7048/2004,Zody_2014,NCBI,2004-XX-XX,Peru,South-America,3,3_III,3III_C,
KJ189293.1,DENV-3/PE/BID-V7082/2005,Zody_2014,NCBI,2005-XX-XX,Peru,South-America,3,3_III,3III_C,
KJ189299.1,DENV-3/PE/BID-V7088/2005,Zody_2014,NCBI,2005-XX-XX,Peru,South-America,3,3_III,3III_C,
KJ189294.1,DENV-3/PE/BID-V7083/2006,Zody_2014,NCBI,2006-XX-XX,Peru,South-America,3,3_III,3III_C,
KJ189295.1,DENV-3/PE/BID-V7084/2006,Zody_2014,NCBI,2006-XX-XX,Peru,South-America,3,3_III,3III_C,
KJ189296.1,DENV-3/PE/BID-V7085/2006,Zody_2014,NCBI,2006-XX-XX,Peru,South-America,3,3_III,3III_C,
KJ189297.1,DENV-3/PE/BID-V7086/2006,Zody_2014,NCBI,2006-XX-XX,Peru,South-America,3,3_III,3III_C,
KJ189268.1,DENV-3/PE/BID-V7051/2007,Zody_2014,NCBI,2007-XX-XX,Peru,South-America,3,3_III,3III_C,
KJ189270.1,DENV-3/PE/BID-V7053/2007,Zody_2014,NCBI,2007-XX-XX,Peru,South-America,3,3_III,3III_C,
KJ189273.1,DENV-3/PE/BID-V7057/2007,Zody_2014,NCBI,2007-XX-XX,Peru,South-America,3,3_III,3III_C,
KJ189279.1,DENV-3/PE/BID-V7063/2007,Zody_2014,NCBI,2007-XX-XX,Peru,South-America,3,3_III,3III_C,
KJ189282.1,DENV-3/PE/BID-V7066/2007,Zody_2014,NCBI,2007-XX-XX,Peru,South-America,3,3_III,3III_C,
KJ189284.1,DENV-3/PE/BID-V7068/2008,Zody_2014,NCBI,2008-XX-XX,Peru,South-America,3,3_III,3III_C,
KJ189287.1,DENV-3/PE/BID-V7071/2008,Zody_2014,NCBI,2008-XX-XX,Peru,South-America,3,3_III,3III_C,
KJ189290.1,DENV-3/PE/BID-V7078/2008,Zody_2014,NCBI,2008-XX-XX,Peru,South-America,3,3_III,3III_C,
KJ189291.1,DENV-3/PE/BID-V7079/2008,Zody_2014,NCBI,2008-XX-XX,Peru,South-America,3,3_III,3III_C,
KJ189292.1,DENV-3/PE/BID-V7081/2009,Zody_2014,NCBI,2009-XX-XX,Peru,South-America,3,3_III,3III_C,
PP234925.1,100-006-050,Camprubi-Ferrer_2024,NCBI,2018-07-01,Philippines,Southeast-Asia,3,3_I,3I_C,
PP234923.1,47-ITM-040,Camprubi-Ferrer_2024,NCBI,2019-07-01,Philippines,Southeast-Asia,3,3_I,3I_C,
M93130.1,H87,Osatomi_1993,NCBI,1956-XX-XX,Philippines,Southeast-Asia,3,3_V,3V,
KM190937.1,VIROAF7,Rutvisuttinunt_2015,NCBI,1964-XX-XX,Philippines,Southeast-Asia,3,3_V_related,3V,
AY496879.2,PhMH-J1-97,Islam_2005,NCBI,1997-XX-XX,Philippines,Southeast-Asia,3,3_unassigned,3I,
KU509279.1,DENV3-632,Shihada_2017,NCBI,2008-XX-XX,Philippines,Southeast-Asia,3,3_I_related,3I_C,
OQ836211.1,PR/DB420/2022,CDC,CDC,2022-07-27,Puerto-Rico,Caribbean,3,3_III,3III_B.3,
OQ836210.1,PR/DB419/2022,CDC,CDC,2022-07-30,Puerto-Rico,Caribbean,3,3_III,3III_B.3,
OQ836207,PR/DB416/2022,CDC,CDC,2022-09-02,Puerto-Rico,Caribbean,3,3_III,3III_B.3,
OQ836205.1,PR/DB414/2022,CDC,CDC,2022-10-29,Puerto-Rico,Caribbean,3,3_III,3III_B.3,
OQ836208,PR/DB417/2022,CDC,CDC,2022-12-27,Puerto-Rico,Caribbean,3,3_III,3III_B.3,
OQ836209,PR/DB418/2023,CDC,CDC,2023-01-24,Puerto-Rico,Caribbean,3,3_III,3III_B.3,
PP692459.1,DENV-3/USA/FL-BPHL-0243/2023,FL-DPH,NCBI,2023-12-02,Puerto-Rico,Caribbean,3,3_III,3III_B.3,
EU482563.1,DENV-3/US/BID-V1075/1998,Henn_2008,NCBI,1998-XX-XX,Puerto-Rico,Caribbean,3,3_III,3III_C.1,
EU482566.1,DENV-3/US/BID-V1088/1998,Henn_2008,NCBI,1998-XX-XX,Puerto-Rico,Caribbean,3,3_III,3III_C.1,
EU529703.1,DENV-3/US/BID-V1090/1998,Henn_2008,NCBI,1998-XX-XX,Puerto-Rico,Caribbean,3,3_III,3III_C,
EU726771.1,DENV-3/US/BID-V1448/1998,Henn_2008,NCBI,1998-XX-XX,Puerto-Rico,Caribbean,3,3_III,3III_C.1,
FJ547070.1,DENV-3/US/BID-V2099/1998,Henn_2009,NCBI,1998-XX-XX,Puerto-Rico,Caribbean,3,3_III,3III_C.1,
EU529696.1,DENV-3/US/BID-V1076/1999,Henn_2008,NCBI,1999-XX-XX,Puerto-Rico,Caribbean,3,3_III,3III_C,
EU726774.1,DENV-3/US/BID-V1454/1999,Henn_2008,NCBI,1999-XX-XX,Puerto-Rico,Caribbean,3,3_III,3III_C.1,
EU781137.1,DENV-3/US/BID-V1452/1999,Henn_2008,NCBI,1999-XX-XX,Puerto-Rico,Caribbean,3,3_III,3III_C.1,
FJ390376.1,DENV-3/US/BID-V1736/1999,Henn_2008,NCBI,1999-XX-XX,Puerto-Rico,Caribbean,3,3_III,3III_C.1,
FJ547069.1,DENV-3/US/BID-V2098/1999,Henn_2009,NCBI,1999-XX-XX,Puerto-Rico,Caribbean,3,3_III,3III_C.1,
EU529697.1,DENV-3/US/BID-V1077/2000,Henn_2008,NCBI,2000-XX-XX,Puerto-Rico,Caribbean,3,3_III,3III_C.1,
FJ410177.1,DENV-3/US/BID-V2105/2000,Henn_2008,NCBI,2000-XX-XX,Puerto-Rico,Caribbean,3,3_III,3III_C.1,
FJ547074.1,DENV-3/US/BID-V2108/2000,Henn_2009,NCBI,2000-XX-XX,Puerto-Rico,Caribbean,3,3_III,3III_C.1,
FJ547077.1,DENV-3/US/BID-V2112/2000,Henn_2009,NCBI,2000-XX-XX,Puerto-Rico,Caribbean,3,3_III,3III_C.1,
KF955465.1,DENV-3/PR/BID-V2101/2000,Zody_2014,NCBI,2000-XX-XX,Puerto-Rico,Caribbean,3,3_III,3III_C.1,
FJ547079.1,DENV-3/US/BID-V2114/2001,Henn_2009,NCBI,2001-XX-XX,Puerto-Rico,Caribbean,3,3_III,3III_C.1,
FJ547080.1,DENV-3/US/BID-V2115/2001,Henn_2009,NCBI,2001-XX-XX,Puerto-Rico,Caribbean,3,3_III,3III_C.1,
FJ547081.1,DENV-3/US/BID-V2117/2001,Henn_2009,NCBI,2001-XX-XX,Puerto-Rico,Caribbean,3,3_III,3III_C.1,
FJ547082.1,DENV-3/US/BID-V2118/2001,Henn_2009,NCBI,2001-XX-XX,Puerto-Rico,Caribbean,3,3_III,3III_C.1,
KF955468.1,DENV-3/PR/BID-V2116/2001,Zody_2014,NCBI,2001-XX-XX,Puerto-Rico,Caribbean,3,3_III,3III_C.1,
EU687233.1,DENV-3/US/BID-V1473/2002,Henn_2008,NCBI,2002-XX-XX,Puerto-Rico,Caribbean,3,3_III,3III_C.1,
EU854298.1,DENV-3/US/BID-V1477/2002,Henn_2008,NCBI,2002-XX-XX,Puerto-Rico,Caribbean,3,3_III,3III_C.1,
FJ373306.1,DENV-3/US/BID-V1478/2002,Henn_2008,NCBI,2002-XX-XX,Puerto-Rico,Caribbean,3,3_III,3III_C.1,
FJ478456.1,DENV-3/US/BID-V2123/2002,Henn_2008,NCBI,2002-XX-XX,Puerto-Rico,Caribbean,3,3_III,3III_C.1,
FJ547083.1,DENV-3/US/BID-V2119/2002,Henn_2009,NCBI,2002-XX-XX,Puerto-Rico,Caribbean,3,3_III,3III_C,
EU482564.1,DENV-3/US/BID-V1078/2003,Henn_2008,NCBI,2003-XX-XX,Puerto-Rico,Caribbean,3,3_III,3III_C,
EU529702.1,DENV-3/US/BID-V1089/2003,Henn_2008,NCBI,2003-XX-XX,Puerto-Rico,Caribbean,3,3_III,3III_C.1,
EU687197.1,DENV-3/US/BID-V1480/2003,Henn_2008,NCBI,2003-XX-XX,Puerto-Rico,Caribbean,3,3_III,3III_C.1,
EU687239.1,DENV-3/US/BID-V1491/2003,Henn_2008,NCBI,2003-XX-XX,Puerto-Rico,Caribbean,3,3_III,3III_C.1,
FJ205870.1,DENV-3/US/BID-V1731/2003,Henn_2008,NCBI,2003-XX-XX,Puerto-Rico,Caribbean,3,3_III,3III_C.1,
EU529705.1,DENV-3/US/BID-V1092/2004,Henn_2008,NCBI,2004-XX-XX,Puerto-Rico,Caribbean,3,3_III,3III_C.1,
FJ024466.1,DENV-3/US/BID-V1607/2004,Henn_2008,NCBI,2004-XX-XX,Puerto-Rico,Caribbean,3,3_III,3III_C.1,
FJ024470.1,DENV-3/US/BID-V1612/2004,Henn_2008,NCBI,2004-XX-XX,Puerto-Rico,Caribbean,3,3_III,3III_C,
FJ182006.1,DENV-3/US/BID-V1616/2004,Henn_2008,NCBI,2004-XX-XX,Puerto-Rico,Caribbean,3,3_III,3III_C,
FJ850055.1,DENV-3/US/BID-V1605/2004,Henn_2009,NCBI,2004-XX-XX,Puerto-Rico,Caribbean,3,3_III,3III_C.1,
FJ182008.1,DENV-3/US/BID-V1618/2005,Henn_2008,NCBI,2005-XX-XX,Puerto-Rico,Caribbean,3,3_III,3III_C,
FJ182010.1,DENV-3/US/BID-V1620/2005,Henn_2008,NCBI,2005-XX-XX,Puerto-Rico,Caribbean,3,3_III,3III_C.1,
FJ182037.1,DENV-3/US/BID-V1622/2005,Henn_2008,NCBI,2005-XX-XX,Puerto-Rico,Caribbean,3,3_III,3III_C.1,
FJ182038.1,DENV-3/US/BID-V1623/2005,Henn_2008,NCBI,2005-XX-XX,Puerto-Rico,Caribbean,3,3_III,3III_C,
FJ182040.1,DENV-3/US/BID-V1625/2005,Henn_2008,NCBI,2005-XX-XX,Puerto-Rico,Caribbean,3,3_III,3III_C.1,
EU482555.1,DENV-3/US/BID-V1043/2006,Henn_2008,NCBI,2006-XX-XX,Puerto-Rico,Caribbean,3,3_III,3III_C,
EU529692.1,DENV-3/US/BID-V1044/2006,Henn_2008,NCBI,2006-XX-XX,Puerto-Rico,Caribbean,3,3_III,3III_C,
EU529699.1,DENV-3/US/BID-V1080/2006,Henn_2008,NCBI,2006-XX-XX,Puerto-Rico,Caribbean,3,3_III,3III_C.1,
FJ547085.1,DENV-3/US/BID-V2126/2006,Henn_2009,NCBI,2006-XX-XX,Puerto-Rico,Caribbean,3,3_III,3III_C.1,
MW945428.1,DENV3/PUERTORICO/2006/429965,Katzelnick_2021,NCBI,2006-XX-XX,Puerto-Rico,Caribbean,3,3_III,3III_C.1,
EU596492.1,DENV-3/US/BID-V1415/2007,Henn_2008,NCBI,2007-XX-XX,Puerto-Rico,Caribbean,3,3_III,3III_C.1,
EU596493.1,DENV-3/US/BID-V1416/2007,Henn_2008,NCBI,2007-XX-XX,Puerto-Rico,Caribbean,3,3_III,3III_C.1,
EU596494.1,DENV-3/US/BID-V1417/2007,Henn_2008,NCBI,2007-XX-XX,Puerto-Rico,Caribbean,3,3_III,3III_C.1,
OR236120.1,DENV3_RUN_S13b48_2013,Frumence_2024,NCBI,2013-06-XX,Reunion,South-Asia,3,3_II,3II_A.3,
OR389037.1,DENV3/Saint_Kitts_and_Nevis/2008/Yale-DH162,Vogels_1905,Yale,2008-06-30,Saint-Kitts-and-Nevis,Caribbean,3,3_III,3III_C.1,
DH162,CAREC 08-10848,Ott_2022,Yale,2008-XX-XX,Saint-Kitts-and-Nevis,Caribbean,3,3_III,3III_C.1,
DENV3/St._Lucia/2020-11-07/Yale-DN00985,220144,FL-DPH,Yale,2020-11-07,Saint-Lucia,Caribbean,3,3_III,3III_B.3,
FJ898463.1,DENV-3/LC/BID-V2979/2001,Henn_2009,NCBI,2001-XX-XX,Saint-Lucia,Caribbean,3,3_III,3III_C,
GQ868616.1,DENV-3/LC/BID-V3929/2001,Henn_2009,NCBI,2001-XX-XX,Saint-Lucia,Caribbean,3,3_III,3III_C,
PP709322.1,DENV-3/USA/FL-BPHL-0227/2023,FL-DPH,NCBI,2023-11-27,Saint-Martin,Caribbean,3,3_III,3III_B.3,
FJ898456.1,DENV-3/WS/BID-V2973/1995,Henn_2009,NCBI,1995-XX-XX,Samoa,Pacific,3,3_I_related,3I_B,
KJ830751.1,Jeddah-2014,Azhar_2014,NCBI,2014-01-26,Saudi-Arabia,Middle-East-NA,3,3_III,3III_A.2,
MZ857217.1,KAJP19_DENV3_Saudi.Arabia_Western.Asia_2016,Alfsnes_2021,NCBI,2016-XX-XX,Saudi-Arabia,Middle-East-NA,3,3_III,3III_B.3,
KU509282.1,DENV3-3140,Shihada_2017,NCBI,2009-XX-XX,Senegal,Sub-Saharan-Africa,3,3_III,3III_B.2,
MW288031.1,SHC0506_/_DENV-3_/_2018,Gaye_2020,NCBI,2018-11-XX,Senegal,Sub-Saharan-Africa,3,3_III,3III_B.2,
MN453624.1,TZK2016,Ng_2019,NCBI,2016-01-20,Singapore,Southeast-Asia,3,3_III,3III_B.1,
AY766104.1,8120/95,Yoong_2004,NCBI,1995-XX-XX,Singapore,Southeast-Asia,3,3_II,3II,
EU081181.1,D3/SG/SS710/2004,Schreiber_2007,NCBI,2004-XX-XX,Singapore,Southeast-Asia,3,3_III,3III_A.1,
EU081207.1,D3/SG/05K3897DK1/2005,Schreiber_2007,NCBI,2005-XX-XX,Singapore,Southeast-Asia,3,3_III,3III_A.1,
KX380840.1,D3/SG/CT8/2012,Sung_2016,NCBI,2012-XX-XX,Singapore,Southeast-Asia,3,3_I,3I_A,
KX380842.1,D3/SG/CT37/2013,Sung_2016,NCBI,2013-XX-XX,Singapore,Southeast-Asia,3,3_III,3III_B.3,
KY921906.1,SG/EHI/D3/23167Y15,Hapuarachchi_2017,NCBI,2015-06-XX,Singapore,Southeast-Asia,3,3_I,3I_A.1,
EHIE15095Y15,SGP|D3|GIII|cldIII,NEA,NEA,2015-XX-XX,Singapore,Southeast-Asia,3,3_III,3III_B.1,
EHIE8901Y18,SGP|D3|GIII|cldIII,NEA,NEA,2018-XX-XX,Singapore,Southeast-Asia,3,3_III,3III_B.1,
EHIE46028Y19,SGP|D3|GIII|cldV,NEA,NEA,2019-XX-XX,Singapore,Southeast-Asia,3,3_III,3III_B.3,
EHIE21409Y22,SGP|D3|GIII|cldIII,NEA,NEA,2022-XX-XX,Singapore,Southeast-Asia,3,3_III,3III_B.1,
OK605766.1,DENV3-5_S_162,Tamura_2022,NCBI,1993-XX-XX,Somalia,Sub-Saharan-Africa,3,3_III,3III,
OR389038.1,DENV3/Sri_Lanka/2004/Yale-DH167,Vogels_1905,Yale,2004-06-26,Sri-Lanka,South-Asia,3,3_III,3III_A.1,
MT006169.1,S303,Rodrigo_2020,NCBI,2018-10-09,Sri-Lanka,South-Asia,3,3_I,3I_A.1,
OR393987.1,S564,Maduranga_2019,NCBI,2019-09-02,Sri-Lanka,South-Asia,3,3_I,3I_A.1,
OR394052.1,S828,Maduranga_2020,NCBI,2020-01-08,Sri-Lanka,South-Asia,3,3_I,3I_A.1,
OQ103114.1,GS2414,Abeygoonawardena_2021,NCBI,2021-03-12,Sri-Lanka,South-Asia,3,3_I,3I_A.1,
OQ103123.1,GS2528,Abeygoonawardena_2023,NCBI,2022-03-31,Sri-Lanka,South-Asia,3,3_I,3I_A.1,
GQ199889.1,DENV-3/LK/BID-V2410/1983,Henn_2009,NCBI,1983-XX-XX,Sri-Lanka,South-Asia,3,3_III_related,3III,
FJ882574.1,DENV-3/LK/BID-V2414/1985,Henn_2009,NCBI,1985-XX-XX,Sri-Lanka,South-Asia,3,3_III_related,3III,
FJ882572.1,DENV-3/LK/BID-V2412/1989,Henn_2009,NCBI,1989-XX-XX,Sri-Lanka,South-Asia,3,3_III_related,3III,
FJ882573.1,DENV-3/LK/BID-V2413/1993,Henn_2009,NCBI,1993-XX-XX,Sri-Lanka,South-Asia,3,3_III,3III_A,
GQ252674.1,DENV-3/LK/BID-V2409/1997,Henn_2009,NCBI,1997-XX-XX,Sri-Lanka,South-Asia,3,3_III,3III,
AY099336.1,D3/H/IMTSSA-SRI/2000/1266,Peyrefitte_2003,NCBI,2000-XX-XX,Sri-Lanka,South-Asia,3,3_III,3III_A,
KU509283.1,DENV3-3404,Shihada_2017,NCBI,2006-XX-XX,Sri-Lanka,South-Asia,3,3_III,3III_A.1,
MN083245.1,204_DENV3,Ngwe Tun_2020,NCBI,2017-12-XX,Sri-Lanka,South-Asia,3,3_I,3I_A,
OR618322.1,DV3/TW/16031760/2016,Tsai_2024,NCBI,2016-12-04,Taiwan,East-Asia,3,3_I,3I_C,
OR618323.1,DV3/TW/17000643/2017,Tsai_2024,NCBI,2017-01-09,Taiwan,East-Asia,3,3_I,3I_C,
DQ675519.1,95TW466,King_2006,NCBI,1995-XX-XX,Taiwan,East-Asia,3,3_I_related,3I,
KY670634.1,D3/Vietnam/9809aTw,Yang_2018,NCBI,1998-09-XX,Taiwan,East-Asia,3,3_II,3II_A,
DQ675528.1,98TW407,King_2006,NCBI,1998-XX-XX,Taiwan,East-Asia,3,3_II,3II_A,
DQ675533.1,99TW628,King_2006,NCBI,1999-XX-XX,Taiwan,East-Asia,3,3_III,3III_A,
DH110,TVP-2350,Ott_2021,Yale,1989-07-27,Thailand,Southeast-Asia,3,3_II,3II,
MZ857226.1,KAJP33_DENV3_Thailand_South.East.Asia_1991-9-17,Alfsnes_2021,NCBI,1991-09-17,Thailand,Southeast-Asia,3,3_II,3II_A,
ON908238.1,18XN04331,Su_2022,NCBI,2018-02-05,Thailand,Southeast-Asia,3,3_I,3I_A.1,
PP563871.1,23GZ12876_D3_THA,Su_2024,NCBI,2023-07-04,Thailand,Southeast-Asia,3,3_III,3III_B.1,
GQ868593.1,DENV-3/TH/BID-V3360/1973,Henn_2009,NCBI,1973-XX-XX,Thailand,Southeast-Asia,3,3_II_related,3II,
KJ737430.1,D83-144,Sarathy_2015,NCBI,1983-XX-XX,Thailand,Southeast-Asia,3,3_II,3II,
AY676353.1,ThD3_0007_87,Zhang_2005,NCBI,1987-XX-XX,Thailand,Southeast-Asia,3,3_II,3II,
OK469353.1,D88-453 DEN 3 3/00,Stica_2022,NCBI,1988-XX-XX,Thailand,Southeast-Asia,3,3_II,3II,
OK469354.1,DENV 3 89/273 3/00,Stica_2022,NCBI,1989-XX-XX,Thailand,Southeast-Asia,3,3_II,3II,
AY676350.1,ThD3_0104_93,Zhang_2005,NCBI,1993-XX-XX,Thailand,Southeast-Asia,3,3_II,3II_A,
MW946825.1,30055/94,Katzelnick_2021,NCBI,1994-XX-XX,Thailand,Southeast-Asia,3,3_II,3II_B,
MW946790.1,01260/95,Katzelnick_2021,NCBI,1995-XX-XX,Thailand,Southeast-Asia,3,3_II,3II_A.2,
MW946784.1,02171/96,Katzelnick_2021,NCBI,1996-XX-XX,Thailand,Southeast-Asia,3,3_II,3II_A.3,
MW946791.1,05100/97,Katzelnick_2021,NCBI,1997-XX-XX,Thailand,Southeast-Asia,3,3_II,3II_B,
MW946636.1,00190/98,Katzelnick_2021,NCBI,1998-XX-XX,Thailand,Southeast-Asia,3,3_II,3II_A,
MW946819.1,03767/99,Katzelnick_2021,NCBI,1999-XX-XX,Thailand,Southeast-Asia,3,3_II,3II_A.2,
KY586764.1,Ser3_Thailand_Bangkok_Seq49,Salje_2017,NCBI,2000-XX-XX,Thailand,Southeast-Asia,3,3_II,3II_A,
FJ810413.1,DENV-3/TH/BID-V2319/2001,Henn_2009,NCBI,2001-XX-XX,Thailand,Southeast-Asia,3,3_II,3II_A,
KY586783.1,Ser3_Thailand_Bangkok_Seq63,Salje_2017,NCBI,2002-XX-XX,Thailand,Southeast-Asia,3,3_II,3II_A.3,
MW946743.1,01468/03,Katzelnick_2021,NCBI,2003-XX-XX,Thailand,Southeast-Asia,3,3_II,3II_A.3,
KY586781.1,Ser3_Thailand_Bangkok_Seq61,Salje_2017,NCBI,2004-XX-XX,Thailand,Southeast-Asia,3,3_II,3II_A.3,
MW946829.1,01530/05,Katzelnick_2021,NCBI,2005-XX-XX,Thailand,Southeast-Asia,3,3_II,3II_B,
MW946815.1,02678/06,Katzelnick_2021,NCBI,2006-XX-XX,Thailand,Southeast-Asia,3,3_III,3III_B.1,
MK506265.1,h87-2007,Chin-inmanu_2019,NCBI,2007-08-XX,Thailand,Southeast-Asia,3,3_V_related,3V,
KY586819.1,Ser3_Thailand_nonBKK_Seq37,Salje_2017,NCBI,2007-XX-XX,Thailand,Southeast-Asia,3,3_III,3III_B.1,
KU509284.1,DENV3-3847,Shihada_2017,NCBI,2008-XX-XX,Thailand,Southeast-Asia,3,3_II,3II_A.3,
KY586811.1,Ser3_Thailand_nonBKK_Seq33,Salje_2017,NCBI,2009-XX-XX,Thailand,Southeast-Asia,3,3_II,3II_B,
MW946965.1,01575/10,Katzelnick_2021,NCBI,2010-XX-XX,Thailand,Southeast-Asia,3,3_II,3II_A.3,
MW946839.1,00106/11,Katzelnick_2021,NCBI,2011-XX-XX,Thailand,Southeast-Asia,3,3_III,3III_B.1,
MW946735.1,00638/12,Katzelnick_2021,NCBI,2012-XX-XX,Thailand,Southeast-Asia,3,3_II,3II_A.3,
MW946778.1,00910/13,Katzelnick_2021,NCBI,2013-XX-XX,Thailand,Southeast-Asia,3,3_III,3III_B.1,
MW946775.1,00542/14,Katzelnick_2021,NCBI,2014-XX-XX,Thailand,Southeast-Asia,3,3_III,3III_B.1,
AB214881.1,D3/Hu/TL109NIID/2005,Ito_2005,NCBI,2005-XX-XX,Timor-Leste,Southeast-Asia,3,3_I,3I_A,
FJ898459.1,DENV-3/TT/BID-V2982/2002,Henn_2009,NCBI,2002-XX-XX,Trinidad-and-Tobago,Caribbean,3,3_III,3III_C,
GQ868617.1,DENV-3/TT/BID-V3928/2002,Henn_2009,NCBI,2002-XX-XX,Trinidad-and-Tobago,Caribbean,3,3_III,3III_C,
MH450311.1,DENVEN-CC0010,Lizarazo_2018,NCBI,2010-08-27,Venezuela,South-America,3,3_III,3III_C.1,
MH450299.1,IDAMS-910118,Lizarazo_2018,NCBI,2015-05-10,Venezuela,South-America,3,3_III,3III_C.1,
MH450296.1,IDAMS-910106,Lizarazo_2018,NCBI,2015-09-23,Venezuela,South-America,3,3_III,3III_C.1,
MH450298.1,IDAMS-910115,Lizarazo_2018,NCBI,2015-09-30,Venezuela,South-America,3,3_III,3III_C.1,
FJ639746.1,DENV-3/VE/BID-V2174/2000,Henn_2009,NCBI,2000-XX-XX,Venezuela,South-America,3,3_III,3III_C.1,
FJ639747.1,DENV-3/VE/BID-V2175/2000,Henn_2009,NCBI,2000-XX-XX,Venezuela,South-America,3,3_III,3III_C.1,
FJ639749.1,DENV-3/VE/BID-V2178/2000,Henn_2009,NCBI,2000-XX-XX,Venezuela,South-America,3,3_III,3III_C.1,
FJ639750.1,DENV-3/VE/BID-V2179/2000,Henn_2009,NCBI,2000-XX-XX,Venezuela,South-America,3,3_III,3III_C.1,
FJ898468.1,DENV-3/VE/BID-V2965/2000,Henn_2009,NCBI,2000-XX-XX,Venezuela,South-America,3,3_III,3III_C.1,
EU529686.1,DENV-3/VE/BID-V1117/2001,Henn_2008,NCBI,2001-XX-XX,Venezuela,South-America,3,3_III,3III_C.1,
EU529691.1,DENV-3/VE/BID-V911/2001,Henn_2008,NCBI,2001-XX-XX,Venezuela,South-America,3,3_III,3III_C,
FJ639753.1,DENV-3/VE/BID-V2182/2001,Henn_2009,NCBI,2001-XX-XX,Venezuela,South-America,3,3_III,3III_C.1,
FJ639768.1,DENV-3/VE/BID-V2198/2001,Henn_2009,NCBI,2001-XX-XX,Venezuela,South-America,3,3_III,3III_C.1,
FJ882578.1,DENV-3/VE/BID-V2202/2001,Henn_2009,NCBI,2001-XX-XX,Venezuela,South-America,3,3_III,3III_C.1,
FJ639775.1,DENV-3/VE/BID-V2208/2002,Henn_2009,NCBI,2002-XX-XX,Venezuela,South-America,3,3_III,3III_C.1,
FJ639776.1,DENV-3/VE/BID-V2209/2002,Henn_2009,NCBI,2002-XX-XX,Venezuela,South-America,3,3_III,3III_C.1,
FJ639777.1,DENV-3/VE/BID-V2210/2002,Henn_2009,NCBI,2002-XX-XX,Venezuela,South-America,3,3_III,3III_C.1,
FJ639778.1,DENV-3/VE/BID-V2211/2002,Henn_2009,NCBI,2002-XX-XX,Venezuela,South-America,3,3_III,3III_C.1,
FJ898471.1,DENV-3/VE/BID-V2968/2002,Henn_2009,NCBI,2002-XX-XX,Venezuela,South-America,3,3_III,3III_C.1,
FJ639779.1,DENV-3/VE/BID-V2212/2003,Henn_2009,NCBI,2003-XX-XX,Venezuela,South-America,3,3_III,3III_C.1,
FJ639781.1,DENV-3/VE/BID-V2214/2003,Henn_2009,NCBI,2003-XX-XX,Venezuela,South-America,3,3_III,3III_C.1,
FJ639785.1,DENV-3/VE/BID-V2218/2003,Henn_2009,NCBI,2003-XX-XX,Venezuela,South-America,3,3_III,3III_C.1,
FJ898472.1,DENV-3/VE/BID-V2969/2003,Henn_2009,NCBI,2003-XX-XX,Venezuela,South-America,3,3_III,3III_C.1,
FJ898473.1,DENV-3/VE/BID-V2970/2003,Henn_2009,NCBI,2003-XX-XX,Venezuela,South-America,3,3_III,3III_C.1,
FJ373304.1,DENV-3/VE/BID-V1590/2004,Henn_2008,NCBI,2004-XX-XX,Venezuela,South-America,3,3_III,3III_C.1,
FJ639790.1,DENV-3/VE/BID-V2223/2004,Henn_2009,NCBI,2004-XX-XX,Venezuela,South-America,3,3_III,3III_C.1,
FJ639793.1,DENV-3/VE/BID-V2226/2004,Henn_2009,NCBI,2004-XX-XX,Venezuela,South-America,3,3_III,3III_C.1,
FJ639795.1,DENV-3/VE/BID-V2228/2004,Henn_2009,NCBI,2004-XX-XX,Venezuela,South-America,3,3_III,3III_C.1,
FJ639800.1,DENV-3/VE/BID-V2233/2004,Henn_2009,NCBI,2004-XX-XX,Venezuela,South-America,3,3_III,3III_C.1,
EU854292.1,DENV-3/VE/BID-V1593/2005,Henn_2008,NCBI,2005-XX-XX,Venezuela,South-America,3,3_III,3III_C,
FJ639803.1,DENV-3/VE/BID-V2239/2005,Henn_2009,NCBI,2005-XX-XX,Venezuela,South-America,3,3_III,3III_C.1,
FJ639805.1,DENV-3/VE/BID-V2242/2005,Henn_2009,NCBI,2005-XX-XX,Venezuela,South-America,3,3_III,3III_C.1,
FJ639810.1,DENV-3/VE/BID-V2247/2005,Henn_2009,NCBI,2005-XX-XX,Venezuela,South-America,3,3_III,3III_C.1,
FJ639816.1,DENV-3/VE/BID-V2256/2005,Henn_2009,NCBI,2005-XX-XX,Venezuela,South-America,3,3_III,3III_C.1,
FJ639817.1,DENV-3/VE/BID-V2257/2006,Henn_2009,NCBI,2006-XX-XX,Venezuela,South-America,3,3_III,3III_C.1,
FJ639825.1,DENV-3/VE/BID-V2266/2006,Henn_2009,NCBI,2006-XX-XX,Venezuela,South-America,3,3_III,3III_C.1,
HQ332170.1,VE_61051_2006,Rodriguez-Roche_2012,NCBI,2006-XX-XX,Venezuela,South-America,3,3_III,3III_C.1,
HQ332171.1,VE_61035_2006,Rodriguez-Roche_2012,NCBI,2006-XX-XX,Venezuela,South-America,3,3_III,3III_C.1,
EU932687.1,DENV-3/VE/BID-V1149/2007,Henn_2009,NCBI,2007-XX-XX,Venezuela,South-America,3,3_III,3III_C.1,
FJ850109.1,DENV-3/VE/BID-V2480/2007,Henn_2009,NCBI,2007-XX-XX,Venezuela,South-America,3,3_III,3III_C.1,
FJ898474.1,DENV-3/VE/BID-V2971/2007,Henn_2009,NCBI,2007-XX-XX,Venezuela,South-America,3,3_III,3III_C,
GQ868586.1,DENV-3/VE/BID-V2481/2007,Henn_2009,NCBI,2007-XX-XX,Venezuela,South-America,3,3_III,3III_C.1,
KF955481.1,DENV-3/VE/BID-V2479/2007,Zody_2014,NCBI,2007-XX-XX,Venezuela,South-America,3,3_III,3III_C.1,
FJ639826.1,DENV-3/VE/BID-V2267/2008,Henn_2009,NCBI,2008-XX-XX,Venezuela,South-America,3,3_III,3III_C.1,
FJ639827.1,DENV-3/VE/BID-V2268/2008,Henn_2009,NCBI,2008-XX-XX,Venezuela,South-America,3,3_III,3III_C.1,
PP269945.1,DENV3/Viet_Nam/2011-05-17/Yale-DN01316,OUCRU,Yale,2011-05-17,Vietnam,Southeast-Asia,3,3_II,3II_A.1,
PP269951.1,DENV3/Viet_Nam/2012-09-17/Yale-DN01621,OUCRU,Yale,2012-09-17,Vietnam,Southeast-Asia,3,3_II,3II_A.1,
PP269953.1,DENV3/Viet_Nam/2013-09-12/Yale-DN01651,OUCRU,Yale,2013-09-12,Vietnam,Southeast-Asia,3,3_II,3II_A.1,
PP269971.1,DENV3/Viet_Nam/2014-10-14/Yale-DN01884,OUCRU,Yale,2014-10-14,Vietnam,Southeast-Asia,3,3_II,3II_A.1,
PP269976.1,DENV3/Viet_Nam/2015-03-25/Yale-DN01959,OUCRU,Yale,2015-03-25,Vietnam,Southeast-Asia,3,3_II,3II_A.1,
EU660407.1,DENV-3/VN/BID-V1326/2006,Henn_2008,NCBI,2006-XX-XX,Vietnam,Southeast-Asia,3,3_II,3II_A.1,
FJ432741.1,DENV-3/VN/BID-V1810/2007,Henn_2009,NCBI,2007-XX-XX,Vietnam,Southeast-Asia,3,3_II,3II_A.1,
FJ547066.1,DENV-3/VN/BID-V1911/2008,Henn_2009,NCBI,2008-XX-XX,Vietnam,Southeast-Asia,3,3_II,3II_A.1,
JQ045689.1,DENV3/Vietnam/10dx-232-801-Placebo-36hrs,Nguyen_2012,NCBI,2010-XX-XX,Vietnam,Southeast-Asia,3,3_II,3II_A.1,
JQ920487.1,WF89/140889-4838,Aubry_2013,NCBI,1989-08-14,Wallis-and-Futuna,Pacific,3,3_I_related,3I_B,
JQ920489.1,WF95/090595-2448,Aubry_2013,NCBI,1995-09-05,Wallis-and-Futuna,Pacific,3,3_I_related,3I_B,