accession,serotype,genotype,continent,country-code,country,region,sub-location1,sub-location2,lat,long,isolation-date
MF682966,3,I,East-Asia,CHN,China,,Yunnan,,,,2016-09-07
MF682967,3,I,East-Asia,CHN,China,,Yunnan,,,,2016-09-08
MF682968,3,I,East-Asia,CHN,China,,Yunnan,,,,2016-09-10
MF682969,3,I,East-Asia,CHN,China,,Yunnan,,,,2016-09-11
MF682970,3,I,East-Asia,CHN,China,,Yunnan,,,,2016-09-15
FJ898455,3,I,Oceania,COK,Cook-Islands,,,,,,1991
AB214879,3,I,Southeast-Asia,TLS,East-Timor,,Leste,,,,2005
AB214880,3,I,Southeast-Asia,TLS,East-Timor,,Leste,,,,2005
AB214881,3,I,Southeast-Asia,TLS,East-Timor,,Leste,,,,2005
AB214882,3,I,Southeast-Asia,TLS,East-Timor,,Leste,,,,2005
AY744677,3,I,Oceania,PYF,French-Polynesia,,Tahiti,,,,1989
AY744678,3,I,Oceania,PYF,French-Polynesia,,Tahiti,,,,1989
AY744679,3,I,Oceania,PYF,French-Polynesia,,Tahiti,,,,1990
AY744680,3,I,Oceania,PYF,French-Polynesia,,Tahiti,,,,1990
AY744681,3,I,Oceania,PYF,French-Polynesia,,Tahiti,,,,1990
JQ920476,3,I,Oceania,PYF,French-Polynesia,,Tahiti,,,,1991-08-09
AY744682,3,I,Oceania,PYF,French-Polynesia,,Tahiti,,,,1992
AY744683,3,I,Oceania,PYF,French-Polynesia,,Tahiti,,,,1992
AY744684,3,I,Oceania,PYF,French-Polynesia,,Tahiti,,,,1992
JQ920477,3,I,Oceania,PYF,French-Polynesia,,Tahiti,,,,1993-04-20
AY744685,3,I,Oceania,PYF,French-Polynesia,,Raiatea,,,,1994
JQ920478,3,I,Oceania,PYF,French-Polynesia,,Tahiti,,,,1995-07-19
JQ920479,3,I,Oceania,PYF,French-Polynesia,,Tahiti,,,,1996-02-15
JQ920480,3,I,Oceania,PYF,French-Polynesia,,Tahiti,,,,1996-09-04
AY858038,3,I,Southeast-Asia,IDN,Indonesia,,Jakarta,,,,1988
AY858039,3,I,Southeast-Asia,IDN,Indonesia,,Jakarta,,,,1998
AB189125,3,I,Southeast-Asia,IDN,Indonesia,,Sumatra,,,,1998
AB189126,3,I,Southeast-Asia,IDN,Indonesia,,Sumatra,,,,1998
AB189127,3,I,Southeast-Asia,IDN,Indonesia,,Sumatra,,,,1998
AB189128,3,I,Southeast-Asia,IDN,Indonesia,,Sumatra,,,,1998
AY858037,3,I,Southeast-Asia,IDN,Indonesia,,Jakarta,,,,2004
AY858040,3,I,Southeast-Asia,IDN,Indonesia,,Jakarta,,,,2004
AY858041,3,I,Southeast-Asia,IDN,Indonesia,,Jakarta,,,,2004
AY858042,3,I,Southeast-Asia,IDN,Indonesia,,Jakarta,,,,2004
AY858043,3,I,Southeast-Asia,IDN,Indonesia,,Jakarta,,,,2004
AY858044,3,I,Southeast-Asia,IDN,Indonesia,,Jakarta,,,,2004
AY858045,3,I,Southeast-Asia,IDN,Indonesia,,Jakarta,,,,2004
AY858046,3,I,Southeast-Asia,IDN,Indonesia,,Jakarta,,,,2004
AY858047,3,I,Southeast-Asia,IDN,Indonesia,,Jakarta,,,,2004
AY858048,3,I,Southeast-Asia,IDN,Indonesia,,Jakarta,,,,2004
KC762681,3,I,Southeast-Asia,IDN,Indonesia,,Makassar,,,,2007-06-22
KC762686,3,I,Southeast-Asia,IDN,Indonesia,,Makassar,,,,2007-07-02
KC762684,3,I,Southeast-Asia,IDN,Indonesia,,Makassar,,,,2007-07-10
KC762682,3,I,Southeast-Asia,IDN,Indonesia,,Makassar,,,,2007-07-26
KC762683,3,I,Southeast-Asia,IDN,Indonesia,,Makassar,,,,2007-07-26
KC762685,3,I,Southeast-Asia,IDN,Indonesia,,Makassar,,,,2008-02-15
KC762687,3,I,Southeast-Asia,IDN,Indonesia,,Makassar,,,,2008-02-15
KC762689,3,I,Southeast-Asia,IDN,Indonesia,,Makassar,,,,2008-02-15
KC762691,3,I,Southeast-Asia,IDN,Indonesia,,Makassar,,,,2008-04-10
KC762688,3,I,Southeast-Asia,IDN,Indonesia,,Makassar,,,,2008-04-30
KC762690,3,I,Southeast-Asia,IDN,Indonesia,,Makassar,,,,2008-08-26
KC762692,3,I,Southeast-Asia,IDN,Indonesia,,Makassar,,,,2010-03-22
KC762693,3,I,Southeast-Asia,IDN,Indonesia,,Makassar,,,,2010-03-29
KY863456,3,I,Southeast-Asia,IDN,Indonesia,,,,,,2016-06
MF004386,3,I,Southeast-Asia,MYS,Malaysia,,,,,,2012-10-04
JQ920481,3,I,Oceania,NCL,New-Caledonia,,NA,,,,1989-02-06
JQ920482,3,I,Oceania,NCL,New-Caledonia,,NA,,,,1995-02-24
JQ920483,3,I,Oceania,NCL,New-Caledonia,,NA,,,,1995-08-17
JQ920484,3,I,Oceania,NCL,New-Caledonia,,NA,,,,1995-12-27
JQ920485,3,I,Oceania,NCL,New-Caledonia,,NA,,,,1996-10-21
JQ920486,3,I,Oceania,NCL,New-Caledonia,,NA,,,,1996-11-18
KY794787,3,I,Oceania,PNG,Papua-New-Guinea,,Madang,,,,2007-10-09
KY794788,3,I,Oceania,PNG,Papua-New-Guinea,,Madang,,,,2008-04-24
KY794789,3,I,Oceania,PNG,Papua-New-Guinea,,Madang,,,,2008-05-21
KY794790,3,I,Oceania,PNG,Papua-New-Guinea,,Madang,,,,2008-06-06
KY794786,3,I,Oceania,PNG,Papua-New-Guinea,,Lihir,,,,2010-10-27
AY496879,3,I,Southeast-Asia,PHL,Philippines,,NA,,,,1997
KU509279,3,I,Southeast-Asia,PHL,Philippines,,NA,,,,2008
FJ898456,3,I,Oceania,WSM,Samoa,,NA,,,,1995
EU081221,3,I,Southeast-Asia,SGP,Singapore,,NA,,,,2005
EU081223,3,I,Southeast-Asia,SGP,Singapore,,NA,,,,2005
GU370052,3,I,Southeast-Asia,SGP,Singapore,,NA,,,,2009-01
KX380839,3,I,Southeast-Asia,SGP,Singapore,,NA,,,,2012
KX380840,3,I,Southeast-Asia,SGP,Singapore,,NA,,,,2012
KY921906,3,I,Southeast-Asia,SGP,Singapore,,NA,,,,2015-06
DQ675519,3,I,East-Asia,TWN,Taiwan,,NA,,,,1995
KU509285,3,I,Southeast-Asia,THA,Thailand,,,,,,2010
JQ920487,3,I,Oceania,WLF,Wallis-and-Futuna,,NA,,,,1989-08-14
JQ920488,3,I,Oceania,WLF,Wallis-and-Futuna,,NA,,,,1995-04-05
JQ920489,3,I,Oceania,WLF,Wallis-and-Futuna,,NA,,,,1995-05-09
KF955461,3,II,Southeast-Asia,KHM,Cambodia,,Php,,,,1999
FJ639719,3,II,Southeast-Asia,KHM,Cambodia,,Php,,,,2000
KF955332,3,II,Southeast-Asia,KHM,Cambodia,,Php,,,,2000
KF955462,3,II,Southeast-Asia,KHM,Cambodia,,Kch,,,,2001
KF955463,3,II,Southeast-Asia,KHM,Cambodia,,Kch,,,,2001
FJ639720,3,II,Southeast-Asia,KHM,Cambodia,,Php,,,,2001
GQ868626,3,II,Southeast-Asia,KHM,Cambodia,,Php,,,,2001
FJ639721,3,II,Southeast-Asia,KHM,Cambodia,,Kch,,,,2002
FJ639722,3,II,Southeast-Asia,KHM,Cambodia,,Kch,,,,2002
GQ868627,3,II,Southeast-Asia,KHM,Cambodia,,Kch,,,,2002
FJ639723,3,II,Southeast-Asia,KHM,Cambodia,,Kch,,,,2003
GU131906,3,II,Southeast-Asia,KHM,Cambodia,,KHC,,,,2003
FJ639725,3,II,Southeast-Asia,KHM,Cambodia,,Kso,,,,2003
FJ639724,3,II,Southeast-Asia,KHM,Cambodia,,Php,,,,2003
FJ639726,3,II,Southeast-Asia,KHM,Cambodia,,Php,,,,2004
FJ639727,3,II,Southeast-Asia,KHM,Cambodia,,BTB,,,,2005
GQ868628,3,II,Southeast-Asia,KHM,Cambodia,,BTB,,,,2005
KF955333,3,II,Southeast-Asia,KHM,Cambodia,,Kan,,,,2005
GU131904,3,II,Southeast-Asia,KHM,Cambodia,,KHC,,,,2005
GQ868629,3,II,Southeast-Asia,KHM,Cambodia,,Php,,,,2005
FJ639728,3,II,Southeast-Asia,KHM,Cambodia,,Php,,,,2005-01-01
FJ639729,3,II,Southeast-Asia,KHM,Cambodia,,BTB,,,,2006
GQ868634,3,II,Southeast-Asia,KHM,Cambodia,,Kch,,,,2006
HM181933,3,II,Southeast-Asia,KHM,Cambodia,,Kch,,,,2006
HM181934,3,II,Southeast-Asia,KHM,Cambodia,,Kch,,,,2006
GU131907,3,II,Southeast-Asia,KHM,Cambodia,,KHC,,,,2006
GU131908,3,II,Southeast-Asia,KHM,Cambodia,,KHC,,,,2006
GU131909,3,II,Southeast-Asia,KHM,Cambodia,,KHC,,,,2006
GU131910,3,II,Southeast-Asia,KHM,Cambodia,,KHC,,,,2006
GU131911,3,II,Southeast-Asia,KHM,Cambodia,,KHC,,,,2006
GU131933,3,II,Southeast-Asia,KHM,Cambodia,,KHC,,,,2006
FJ639730,3,II,Southeast-Asia,KHM,Cambodia,,Php,,,,2006
FJ639712,3,II,Southeast-Asia,KHM,Cambodia,,Kch,,,,2007
FJ639714,3,II,Southeast-Asia,KHM,Cambodia,,Kch,,,,2007
HM181935,3,II,Southeast-Asia,KHM,Cambodia,,Kch,,,,2007
JF295012,3,II,Southeast-Asia,KHM,Cambodia,,Kch,,,,2007
KF955507,3,II,Southeast-Asia,KHM,Cambodia,,Kch,,,,2007
GU131912,3,II,Southeast-Asia,KHM,Cambodia,,KHC,,,,2007
GU131913,3,II,Southeast-Asia,KHM,Cambodia,,KHC,,,,2007
GU131914,3,II,Southeast-Asia,KHM,Cambodia,,KHC,,,,2007
GU131915,3,II,Southeast-Asia,KHM,Cambodia,,KHC,,,,2007
GU131916,3,II,Southeast-Asia,KHM,Cambodia,,KHC,,,,2007
GU131917,3,II,Southeast-Asia,KHM,Cambodia,,KHC,,,,2007
GU131918,3,II,Southeast-Asia,KHM,Cambodia,,KHC,,,,2007
GU131934,3,II,Southeast-Asia,KHM,Cambodia,,KHC,,,,2007
GU131935,3,II,Southeast-Asia,KHM,Cambodia,,KHC,,,,2007
GU131936,3,II,Southeast-Asia,KHM,Cambodia,,KHC,,,,2007
GU131937,3,II,Southeast-Asia,KHM,Cambodia,,KHC,,,,2007
GU131938,3,II,Southeast-Asia,KHM,Cambodia,,KHC,,,,2007
GU131939,3,II,Southeast-Asia,KHM,Cambodia,,KHC,,,,2007
GU131940,3,II,Southeast-Asia,KHM,Cambodia,,KHC,,,,2007
GU131941,3,II,Southeast-Asia,KHM,Cambodia,,KHC,,,,2007
GU131942,3,II,Southeast-Asia,KHM,Cambodia,,KHC,,,,2007
GU131943,3,II,Southeast-Asia,KHM,Cambodia,,KHC,,,,2007
GU131944,3,II,Southeast-Asia,KHM,Cambodia,,KHC,,,,2007
GU131945,3,II,Southeast-Asia,KHM,Cambodia,,KHC,,,,2007
FJ639713,3,II,Southeast-Asia,KHM,Cambodia,,Php,,,,2007
KF955464,3,II,Southeast-Asia,KHM,Cambodia,,Php,,,,2007
FJ639731,3,II,Southeast-Asia,KHM,Cambodia,,Srp,,,,2007
JN368477,3,II,Southeast-Asia,KHM,Cambodia,,,,,,2007
HM631854,3,II,Southeast-Asia,KHM,Cambodia,,Kch,,,,2008
GU131903,3,II,Southeast-Asia,KHM,Cambodia,,KHC,,,,2008
GU131905,3,II,Southeast-Asia,KHM,Cambodia,,KHC,,,,2008
GU131946,3,II,Southeast-Asia,KHM,Cambodia,,KHC,,,,2008
FJ639715,3,II,Southeast-Asia,KHM,Cambodia,,Prv,,,,2008
FJ639716,3,II,Southeast-Asia,KHM,Cambodia,,Prv,,,,2008
KR296744,3,II,East-Asia,CHN,China,,Yunnan,,,,2013
GU189648,3,II,East-Asia,CHN,China,,Zhejiang,,,,2009
KC261634,3,II,East-Asia,CHN,China,,,,,,2012
KR296743,3,II,East-Asia,CHN,China,,Yunnan,,,,2013
KF824902,3,II,East-Asia,CHN,China,,,,,,2013
KF824903,3,II,East-Asia,CHN,China,,,,,,2013
KJ622191,3,II,East-Asia,CHN,China,,,,,,2013
KJ622192,3,II,East-Asia,CHN,China,,,,,,2013
KJ622193,3,II,East-Asia,CHN,China,,,,,,2013
KJ622194,3,II,East-Asia,CHN,China,,,,,,2013
KJ622195,3,II,East-Asia,CHN,China,,,,,,2013
KJ622196,3,II,East-Asia,CHN,China,,,,,,2013
KJ622197,3,II,East-Asia,CHN,China,,,,,,2013
KJ622198,3,II,East-Asia,CHN,China,,,,,,2013
KJ622199,3,II,East-Asia,CHN,China,,,,,,2013
MF682971,3,II,East-Asia,CHN,China,,Yunnan,,,,2013-07-22
MF682975,3,II,East-Asia,CHN,China,,Yunnan,,,,2013-08-27
MF682974,3,II,East-Asia,CHN,China,,Yunnan,,,,2013-09-21
MF682973,3,II,East-Asia,CHN,China,,Yunnan,,,,2013-10-09
MF682972,3,II,East-Asia,CHN,China,,Yunnan,,,,2013-10-19
KF955477,3,II,South-Asia,IND,India,,,,,,1984
DQ675520,3,II,Southeast-Asia,IDN,Indonesia,,,,,,1998
KY849771,3,II,Southeast-Asia,LAO,Laos,,Vientiane,,,,2010-05-26
KY849773,3,II,Southeast-Asia,LAO,Laos,,Vientiane,,,,2010-07-25
KY849761,3,II,Southeast-Asia,LAO,Laos,,Vientiane,,,,2010-07-27
KY849775,3,II,Southeast-Asia,LAO,Laos,,Vientiane,,,,2010-08-05
KY849769,3,II,Southeast-Asia,LAO,Laos,,Vientiane,,,,2010-08-09
KY849770,3,II,Southeast-Asia,LAO,Laos,,Vientiane,,,,2010-08-12
KY849772,3,II,Southeast-Asia,LAO,Laos,,Vientiane,,,,2010-08-24
KY849774,3,II,Southeast-Asia,LAO,Laos,,Vientiane,,,,2010-10-21
KF955476,3,II,South-Asia,LKA,Sri-Lanka,,,,,,1983
DQ675521,3,II,East-Asia,TWN,Taiwan,,NA,,,,1998
DQ675522,3,II,East-Asia,TWN,Taiwan,,NA,,,,1998
DQ675523,3,II,East-Asia,TWN,Taiwan,,NA,,,,1998
DQ675524,3,II,East-Asia,TWN,Taiwan,,NA,,,,1998
DQ675525,3,II,East-Asia,TWN,Taiwan,,NA,,,,1998
DQ675526,3,II,East-Asia,TWN,Taiwan,,NA,,,,1998
DQ675527,3,II,East-Asia,TWN,Taiwan,,NA,,,,1998
DQ675528,3,II,East-Asia,TWN,Taiwan,,NA,,,,1998
DQ675529,3,II,East-Asia,TWN,Taiwan,,NA,,,,1998
DQ675530,3,II,East-Asia,TWN,Taiwan,,NA,,,,1998
DQ675531,3,II,East-Asia,TWN,Taiwan,,NA,,,,1998
DQ675532,3,II,East-Asia,TWN,Taiwan,,NA,,,,1998
KY670634,3,II,East-Asia,TWN,Taiwan,,NA,,,,1998-09-01
DQ863638,3,II,Southeast-Asia,THA,Thailand,,Bangkok,,,,1973
GQ868593,3,II,Southeast-Asia,THA,Thailand,,,,,,1973
KJ737430,3,II,Southeast-Asia,THA,Thailand,,,,,,1983
AY676352,3,II,Southeast-Asia,THA,Thailand,,Bangkok,,,,1987
AY676353,3,II,Southeast-Asia,THA,Thailand,,Bangkok,,,,1987
AY676350,3,II,Southeast-Asia,THA,Thailand,,Bangkok,,,,1993
AY676351,3,II,Southeast-Asia,THA,Thailand,,Bangkok,,,,1993
AY876494,3,II,Southeast-Asia,THA,Thailand,,,,,,1994
AY923865,3,II,Southeast-Asia,THA,Thailand,,,,,,1994
KJ737429,3,II,Southeast-Asia,THA,Thailand,,,,,,1994
KY586776,3,II,Southeast-Asia,THA,Thailand,,Bangkok,,,,1995
KY586785,3,II,Southeast-Asia,THA,Thailand,,Bangkok,,,,1995
KY586797,3,II,Southeast-Asia,THA,Thailand,,Bangkok,,,,1995
KY586800,3,II,Southeast-Asia,THA,Thailand,,Bangkok,,,,1995
KY586801,3,II,Southeast-Asia,THA,Thailand,,Bangkok,,,,1995
KY586802,3,II,Southeast-Asia,THA,Thailand,,Bangkok,,,,1995
AY676348,3,II,Southeast-Asia,THA,Thailand,,Bangkok,,,,1998
AY676349,3,II,Southeast-Asia,THA,Thailand,,Bangkok,,,,1998
KY586718,3,II,Southeast-Asia,THA,Thailand,,Bangkok,,,,1998
KY586719,3,II,Southeast-Asia,THA,Thailand,,Bangkok,,,,1998
KY586720,3,II,Southeast-Asia,THA,Thailand,,Bangkok,,,,1998
KY586760,3,II,Southeast-Asia,THA,Thailand,,Bangkok,,,,1998
KY586761,3,II,Southeast-Asia,THA,Thailand,,Bangkok,,,,1998
KY586767,3,II,Southeast-Asia,THA,Thailand,,Bangkok,,,,1998
KY586771,3,II,Southeast-Asia,THA,Thailand,,Bangkok,,,,1998
KY586772,3,II,Southeast-Asia,THA,Thailand,,Bangkok,,,,1998
KY586774,3,II,Southeast-Asia,THA,Thailand,,Bangkok,,,,1998
KY586775,3,II,Southeast-Asia,THA,Thailand,,Bangkok,,,,1998
KY586786,3,II,Southeast-Asia,THA,Thailand,,Bangkok,,,,1998
KY586798,3,II,Southeast-Asia,THA,Thailand,,Bangkok,,,,1998
KY586799,3,II,Southeast-Asia,THA,Thailand,,Bangkok,,,,1998
KY586766,3,II,Southeast-Asia,THA,Thailand,,,,,,1999
KY586768,3,II,Southeast-Asia,THA,Thailand,,,,,,1999
KY586777,3,II,Southeast-Asia,THA,Thailand,,,,,,1999
KY586795,3,II,Southeast-Asia,THA,Thailand,,,,,,1999
KY586713,3,II,Southeast-Asia,THA,Thailand,,Bangkok,,,,2000
KY586715,3,II,Southeast-Asia,THA,Thailand,,Bangkok,,,,2000
KY586721,3,II,Southeast-Asia,THA,Thailand,,Bangkok,,,,2000
KY586722,3,II,Southeast-Asia,THA,Thailand,,Bangkok,,,,2000
KY586723,3,II,Southeast-Asia,THA,Thailand,,Bangkok,,,,2000
KY586724,3,II,Southeast-Asia,THA,Thailand,,Bangkok,,,,2000
KY586739,3,II,Southeast-Asia,THA,Thailand,,Bangkok,,,,2000
KY586758,3,II,Southeast-Asia,THA,Thailand,,Bangkok,,,,2000
KY586759,3,II,Southeast-Asia,THA,Thailand,,Bangkok,,,,2000
KY586764,3,II,Southeast-Asia,THA,Thailand,,Bangkok,,,,2000
KY586793,3,II,Southeast-Asia,THA,Thailand,,Bangkok,,,,2000
KY586794,3,II,Southeast-Asia,THA,Thailand,,Bangkok,,,,2000
KY586733,3,II,Southeast-Asia,THA,Thailand,,,,,,2000
KY586743,3,II,Southeast-Asia,THA,Thailand,,,,,,2000
KY586747,3,II,Southeast-Asia,THA,Thailand,,,,,,2000
KY586762,3,II,Southeast-Asia,THA,Thailand,,,,,,2000
KY586708,3,II,Southeast-Asia,THA,Thailand,,Bangkok,,,,2001
KY586709,3,II,Southeast-Asia,THA,Thailand,,Bangkok,,,,2001
KY586714,3,II,Southeast-Asia,THA,Thailand,,Bangkok,,,,2001
KY586744,3,II,Southeast-Asia,THA,Thailand,,Bangkok,,,,2001
KY586745,3,II,Southeast-Asia,THA,Thailand,,Bangkok,,,,2001
KY586746,3,II,Southeast-Asia,THA,Thailand,,Bangkok,,,,2001
KY586751,3,II,Southeast-Asia,THA,Thailand,,Bangkok,,,,2001
KY586754,3,II,Southeast-Asia,THA,Thailand,,Bangkok,,,,2001
KY586756,3,II,Southeast-Asia,THA,Thailand,,Bangkok,,,,2001
KY586757,3,II,Southeast-Asia,THA,Thailand,,Bangkok,,,,2001
KY586763,3,II,Southeast-Asia,THA,Thailand,,Bangkok,,,,2001
KY586782,3,II,Southeast-Asia,THA,Thailand,,Bangkok,,,,2001
KY586784,3,II,Southeast-Asia,THA,Thailand,,Bangkok,,,,2001
KY586790,3,II,Southeast-Asia,THA,Thailand,,Bangkok,,,,2001
KY586796,3,II,Southeast-Asia,THA,Thailand,,Bangkok,,,,2001
FJ687448,3,II,Southeast-Asia,THA,Thailand,,Kampheange-phet,,,,2001
FJ744726,3,II,Southeast-Asia,THA,Thailand,,Kampheange-phet,,,,2001
FJ744727,3,II,Southeast-Asia,THA,Thailand,,Kampheange-phet,,,,2001
FJ744728,3,II,Southeast-Asia,THA,Thailand,,Kampheange-phet,,,,2001
FJ744729,3,II,Southeast-Asia,THA,Thailand,,Kampheange-phet,,,,2001
FJ744730,3,II,Southeast-Asia,THA,Thailand,,Kampheange-phet,,,,2001
FJ744731,3,II,Southeast-Asia,THA,Thailand,,Kampheange-phet,,,,2001
FJ744732,3,II,Southeast-Asia,THA,Thailand,,Kampheange-phet,,,,2001
FJ744733,3,II,Southeast-Asia,THA,Thailand,,Kampheange-phet,,,,2001
FJ744734,3,II,Southeast-Asia,THA,Thailand,,Kampheange-phet,,,,2001
FJ744735,3,II,Southeast-Asia,THA,Thailand,,Kampheange-phet,,,,2001
FJ744736,3,II,Southeast-Asia,THA,Thailand,,Kampheange-phet,,,,2001
FJ744737,3,II,Southeast-Asia,THA,Thailand,,Kampheange-phet,,,,2001
FJ744738,3,II,Southeast-Asia,THA,Thailand,,Kampheange-phet,,,,2001
FJ744739,3,II,Southeast-Asia,THA,Thailand,,Kampheange-phet,,,,2001
FJ744740,3,II,Southeast-Asia,THA,Thailand,,Kampheange-phet,,,,2001
FJ810413,3,II,Southeast-Asia,THA,Thailand,,Kampheange-phet,,,,2001
FJ810414,3,II,Southeast-Asia,THA,Thailand,,Kampheange-phet,,,,2001
KY586734,3,II,Southeast-Asia,THA,Thailand,,,,,,2001
KY586737,3,II,Southeast-Asia,THA,Thailand,,,,,,2001
KY586738,3,II,Southeast-Asia,THA,Thailand,,,,,,2001
KY586765,3,II,Southeast-Asia,THA,Thailand,,,,,,2001
KY586736,3,II,Southeast-Asia,THA,Thailand,,Bangkok,,,,2002
KY586740,3,II,Southeast-Asia,THA,Thailand,,Bangkok,,,,2002
KY586741,3,II,Southeast-Asia,THA,Thailand,,Bangkok,,,,2002
KY586742,3,II,Southeast-Asia,THA,Thailand,,Bangkok,,,,2002
KY586748,3,II,Southeast-Asia,THA,Thailand,,Bangkok,,,,2002
KY586750,3,II,Southeast-Asia,THA,Thailand,,Bangkok,,,,2002
KY586769,3,II,Southeast-Asia,THA,Thailand,,Bangkok,,,,2002
KY586770,3,II,Southeast-Asia,THA,Thailand,,Bangkok,,,,2002
KY586783,3,II,Southeast-Asia,THA,Thailand,,Bangkok,,,,2002
KY586791,3,II,Southeast-Asia,THA,Thailand,,Bangkok,,,,2002
KY586792,3,II,Southeast-Asia,THA,Thailand,,Bangkok,,,,2002
KY586712,3,II,Southeast-Asia,THA,Thailand,,,,,,2002
KY586716,3,II,Southeast-Asia,THA,Thailand,,,,,,2002
KY586717,3,II,Southeast-Asia,THA,Thailand,,,,,,2002
KY586773,3,II,Southeast-Asia,THA,Thailand,,,,,,2002
KY586787,3,II,Southeast-Asia,THA,Thailand,,,,,,2002
KY586788,3,II,Southeast-Asia,THA,Thailand,,,,,,2002
KY586707,3,II,Southeast-Asia,THA,Thailand,,Bangkok,,,,2003
KY586701,3,II,Southeast-Asia,THA,Thailand,,,,,,2003
KY586710,3,II,Southeast-Asia,THA,Thailand,,,,,,2003
KY586749,3,II,Southeast-Asia,THA,Thailand,,,,,,2003
KY586711,3,II,Southeast-Asia,THA,Thailand,,Bangkok,,,,2004
KY586730,3,II,Southeast-Asia,THA,Thailand,,Bangkok,,,,2004
KY586731,3,II,Southeast-Asia,THA,Thailand,,Bangkok,,,,2004
KY586732,3,II,Southeast-Asia,THA,Thailand,,Bangkok,,,,2004
KY586735,3,II,Southeast-Asia,THA,Thailand,,Bangkok,,,,2004
KY586752,3,II,Southeast-Asia,THA,Thailand,,Bangkok,,,,2004
KY586753,3,II,Southeast-Asia,THA,Thailand,,Bangkok,,,,2004
KY586755,3,II,Southeast-Asia,THA,Thailand,,Bangkok,,,,2004
KY586781,3,II,Southeast-Asia,THA,Thailand,,Bangkok,,,,2004
KY586789,3,II,Southeast-Asia,THA,Thailand,,,,,,2004
KY586703,3,II,Southeast-Asia,THA,Thailand,,Bangkok,,,,2006
KY586705,3,II,Southeast-Asia,THA,Thailand,,Bangkok,,,,2006
KY586706,3,II,Southeast-Asia,THA,Thailand,,Bangkok,,,,2006
KY586725,3,II,Southeast-Asia,THA,Thailand,,Bangkok,,,,2006
KY586726,3,II,Southeast-Asia,THA,Thailand,,Bangkok,,,,2006
KY586727,3,II,Southeast-Asia,THA,Thailand,,Bangkok,,,,2006
KY586728,3,II,Southeast-Asia,THA,Thailand,,Bangkok,,,,2006
KY586729,3,II,Southeast-Asia,THA,Thailand,,Bangkok,,,,2006
KY586778,3,II,Southeast-Asia,THA,Thailand,,Bangkok,,,,2006
KY586779,3,II,Southeast-Asia,THA,Thailand,,Bangkok,,,,2006
KY586780,3,II,Southeast-Asia,THA,Thailand,,Bangkok,,,,2006
KY586814,3,II,Southeast-Asia,THA,Thailand,,Bangkok,,,,2006
KY586815,3,II,Southeast-Asia,THA,Thailand,,Bangkok,,,,2006
KY586816,3,II,Southeast-Asia,THA,Thailand,,Bangkok,,,,2006
KY586817,3,II,Southeast-Asia,THA,Thailand,,Bangkok,,,,2006
KY586803,3,II,Southeast-Asia,THA,Thailand,,,,,,2007
KY586804,3,II,Southeast-Asia,THA,Thailand,,,,,,2007
KY586818,3,II,Southeast-Asia,THA,Thailand,,,,,,2007
KU509284,3,II,Southeast-Asia,THA,Thailand,,,,,,2008
KY586702,3,II,Southeast-Asia,THA,Thailand,,,,,,2008
KY586704,3,II,Southeast-Asia,THA,Thailand,,,,,,2008
KY586805,3,II,Southeast-Asia,THA,Thailand,,,,,,2008
KY586806,3,II,Southeast-Asia,THA,Thailand,,,,,,2008
KY586809,3,II,Southeast-Asia,THA,Thailand,,,,,,2009
KY586810,3,II,Southeast-Asia,THA,Thailand,,,,,,2009
KY586811,3,II,Southeast-Asia,THA,Thailand,,,,,,2009
KY586813,3,II,Southeast-Asia,THA,Thailand,,,,,,2009
HG316483,3,II,Southeast-Asia,THA,Thailand,,,,,,2010
HG316484,3,II,Southeast-Asia,THA,Thailand,,,,,,2010
KY586807,3,II,Southeast-Asia,THA,Thailand,,,,,,2010
KY586808,3,II,Southeast-Asia,THA,Thailand,,,,,,2010
KY586812,3,II,Southeast-Asia,THA,Thailand,,,,,,2010
KU509280,3,II,Southeast-Asia,THA,Thailand,,Ko-Samui,,,,2011
KT424097,3,II,Southeast-Asia,THA,Thailand,,,,,,2014-08-28
EU482452,3,II,Southeast-Asia,VNM,Vietnam,,South,,,,2006
EU482453,3,II,Southeast-Asia,VNM,Vietnam,,South,,,,2006
EU482454,3,II,Southeast-Asia,VNM,Vietnam,,South,,,,2006
EU482455,3,II,Southeast-Asia,VNM,Vietnam,,South,,,,2006
EU482456,3,II,Southeast-Asia,VNM,Vietnam,,South,,,,2006
EU482457,3,II,Southeast-Asia,VNM,Vietnam,,South,,,,2006
EU482458,3,II,Southeast-Asia,VNM,Vietnam,,South,,,,2006
EU482459,3,II,Southeast-Asia,VNM,Vietnam,,South,,,,2006
EU482460,3,II,Southeast-Asia,VNM,Vietnam,,South,,,,2006
EU660407,3,II,Southeast-Asia,VNM,Vietnam,,South,,,,2006
EU660408,3,II,Southeast-Asia,VNM,Vietnam,,South,,,,2006
EU660409,3,II,Southeast-Asia,VNM,Vietnam,,South,,,,2006
EU660410,3,II,Southeast-Asia,VNM,Vietnam,,South,,,,2006
EU660411,3,II,Southeast-Asia,VNM,Vietnam,,South,,,,2006
EU482461,3,II,Southeast-Asia,VNM,Vietnam,,South,,,,2007
EU482462,3,II,Southeast-Asia,VNM,Vietnam,,South,,,,2007
FJ410229,3,II,Southeast-Asia,VNM,Vietnam,,South,,,,2007
FJ432722,3,II,Southeast-Asia,VNM,Vietnam,,South,,,,2007
FJ432728,3,II,Southeast-Asia,VNM,Vietnam,,South,,,,2007
FJ432731,3,II,Southeast-Asia,VNM,Vietnam,,South,,,,2007
FJ432741,3,II,Southeast-Asia,VNM,Vietnam,,South,,,,2007
FJ432743,3,II,Southeast-Asia,VNM,Vietnam,,South,,,,2007
FJ461326,3,II,Southeast-Asia,VNM,Vietnam,,South,,,,2007
FJ461329,3,II,Southeast-Asia,VNM,Vietnam,,South,,,,2007
FJ547061,3,II,Southeast-Asia,VNM,Vietnam,,South,,,,2007
FJ547062,3,II,Southeast-Asia,VNM,Vietnam,,South,,,,2007
FJ562097,3,II,Southeast-Asia,VNM,Vietnam,,South,,,,2007
FJ562099,3,II,Southeast-Asia,VNM,Vietnam,,South,,,,2007
FJ562100,3,II,Southeast-Asia,VNM,Vietnam,,South,,,,2007
FJ562102,3,II,Southeast-Asia,VNM,Vietnam,,South,,,,2007
KF955457,3,II,Southeast-Asia,VNM,Vietnam,,South,,,,2007
KF955458,3,II,Southeast-Asia,VNM,Vietnam,,South,,,,2007
FJ461322,3,II,Southeast-Asia,VNM,Vietnam,,South,,,,2008
FJ461334,3,II,Southeast-Asia,VNM,Vietnam,,South,,,,2008
FJ461337,3,II,Southeast-Asia,VNM,Vietnam,,South,,,,2008
FJ461338,3,II,Southeast-Asia,VNM,Vietnam,,South,,,,2008
FJ547066,3,II,Southeast-Asia,VNM,Vietnam,,South,,,,2008
FJ562103,3,II,Southeast-Asia,VNM,Vietnam,,South,,,,2008
KF955459,3,II,Southeast-Asia,VNM,Vietnam,,South,,,,2008
KF955460,3,II,Southeast-Asia,VNM,Vietnam,,South,,,,2008
KU509278,3,III,Caribbean ,BRB,Barbados,,NA,,,,2007
EF629366,3,III,South-America ,BRA,Brazil,,,,,,1995
EF629367,3,III,South-America ,BRA,Brazil,,,,,,1997
EF629368,3,III,South-America ,BRA,Brazil,,,,,,1998
FJ913015,3,III,South-America ,BRA,Brazil,CentralWest-Brazil,Centralwest,,,,2001
FJ177308,3,III,South-America ,BRA,Brazil,,,,,,2001
H659202,3,III,South-America ,BRA,Brazil,North-Brazil,Belem,,,,2002
H662476,3,III,South-America ,BRA,Brazil,Northeast-Brazil,Maranhao,,,,2002
H650477,3,III,South-America ,BRA,Brazil,CentralWest-Brazil,MatoGrosso,,,,2002
KC425218,3,III,South-America ,BRA,Brazil,Northeast-Brazil,Pernambuco,,,,2002
H660007,3,III,South-America ,BRA,Brazil,North-Brazil,Roraima,,,,2002
AY679147,3,III,South-America ,BRA,Brazil,,,,,,2002
H666425,3,III,South-America ,BRA,Brazil,CentralWest-Brazil,Goias,,,,2003
H666426,3,III,South-America ,BRA,Brazil,CentralWest-Brazil,Goias,,,,2003
H665993,3,III,South-America ,BRA,Brazil,Northeast-Brazil,RioGrandedoNorte,,,,2003
H675971,3,III,South-America ,BRA,Brazil,North-Brazil,Amazonas,,,,2004
H675948,3,III,South-America ,BRA,Brazil,North-Brazil,Belem,,,,2004
H685606,3,III,South-America ,BRA,Brazil,North-Brazil,Roraima,,,,2004
H696789,3,III,South-America ,BRA,Brazil,North-Brazil,Acre,,,,2005
H687202,3,III,South-America ,BRA,Brazil,North-Brazil,Belem,,,,2005
H692262,3,III,South-America ,BRA,Brazil,North-Brazil,Belem,,,,2005
H692798,3,III,South-America ,BRA,Brazil,North-Brazil,Roraima,,,,2005
H692808,3,III,South-America ,BRA,Brazil,North-Brazil,Roraima,,,,2005
H696735,3,III,South-America ,BRA,Brazil,North-Brazil,Roraima,,,,2005
H702980,3,III,South-America ,BRA,Brazil,North-Brazil,Amazonas,,,,2006
H706777,3,III,South-America ,BRA,Brazil,North-Brazil,Belem,,,,2006
H704582,3,III,South-America ,BRA,Brazil,Northeast-Brazil,Maranhao,,,,2006
H707629,3,III,South-America ,BRA,Brazil,CentralWest-Brazil,MatoGrosso,,,,2006
H707877,3,III,South-America ,BRA,Brazil,CentralWest-Brazil,MatoGrosso,,,,2006
H712120,3,III,South-America ,BRA,Brazil,Northeast-Brazil,RioGrandedoNorte,,,,2006
H705063,3,III,South-America ,BRA,Brazil,North-Brazil,Tocantins,,,,2006
H735102,3,III,South-America ,BRA,Brazil,North-Brazil,Acre,,,,2007
H721198,3,III,South-America ,BRA,Brazil,North-Brazil,Belem,,,,2007
H734020,3,III,South-America ,BRA,Brazil,Northeast-Brazil,RioGrandedoNorte,,,,2007
H734230,3,III,South-America ,BRA,Brazil,North-Brazil,Roraima,,,,2007
KF955493,3,III,South-America ,BRA,Brazil,Southeast-Brazil,SãoPaulo,RibeiraoPreto,,,2007
KF955494,3,III,South-America ,BRA,Brazil,Southeast-Brazil,SãoPaulo,RibeiraoPreto,,,2007
KF955495,3,III,South-America ,BRA,Brazil,Southeast-Brazil,SãoPaulo,RibeiraoPreto,,,2007
KF955496,3,III,South-America ,BRA,Brazil,Southeast-Brazil,SãoPaulo,RibeiraoPreto,,,2007
KF955497,3,III,South-America ,BRA,Brazil,Southeast-Brazil,SãoPaulo,RibeiraoPreto,,,2007
KF955498,3,III,South-America ,BRA,Brazil,Southeast-Brazil,SãoPaulo,RibeiraoPreto,,,2007
KF955499,3,III,South-America ,BRA,Brazil,Southeast-Brazil,SãoPaulo,RibeiraoPreto,,,2007
KF955500,3,III,South-America ,BRA,Brazil,Southeast-Brazil,SãoPaulo,RibeiraoPreto,,,2007
KF955501,3,III,South-America ,BRA,Brazil,Southeast-Brazil,SãoPaulo,RibeiraoPreto,,,2007
KF955502,3,III,South-America ,BRA,Brazil,Southeast-Brazil,SãoPaulo,RibeiraoPreto,,,2007
KF955503,3,III,South-America ,BRA,Brazil,Southeast-Brazil,SãoPaulo,RibeiraoPreto,,,2007
H724440,3,III,South-America ,BRA,Brazil,North-Brazil,Tocantins,,,,2007
H744441,3,III,South-America ,BRA,Brazil,North-Brazil,Tocantins,,,,2007
EF629369,3,III,South-America ,BRA,Brazil,,,,,,2007
H740416,3,III,South-America ,BRA,Brazil,North-Brazil,Amazonas,,,,2008
H741615,3,III,South-America ,BRA,Brazil,North-Brazil,Roraima,,,,2008
KF955504,3,III,South-America ,BRA,Brazil,Southeast-Brazil,SãoPaulo,RibeiraoPreto,,,2008
FJ898446,3,III,South-America ,BRA,Brazil,Southeast-Brazil,SaoPaulo,,,,2001
JF808125,3,III,South-America ,BRA,Brazil,Northeast-Brazil,Maranhao,,,,2002
JF808127,3,III,South-America ,BRA,Brazil,CentralWest-Brazil,Mato-Grosso,,,,2002
KF955473,3,III,South-America ,BRA,Brazil,North-Brazil,Northern,,,,2002
JX669490,3,III,South-America ,BRA,Brazil,Northeast-Brazil,Pernambuco,,,,2002
JX669491,3,III,South-America ,BRA,Brazil,Northeast-Brazil,Pernambuco,,,,2002
KC425219,3,III,South-America ,BRA,Brazil,Northeast-Brazil,Pernambuco,,,,2002
JF808118,3,III,South-America ,BRA,Brazil,North-Brazil,Roraima,,,,2002
FJ850079,3,III,South-America ,BRA,Brazil,North-Brazil,Northern,,,,2003
FJ850080,3,III,South-America ,BRA,Brazil,North-Brazil,Northern,,,,2003
FJ898447,3,III,South-America ,BRA,Brazil,North-Brazil,Northern,,,,2003
JX669489,3,III,South-America ,BRA,Brazil,Northeast-Brazil,Pernambuco,,,,2003
JF808124,3,III,South-America ,BRA,Brazil,North-Brazil,Porteo-Velho,,,,2003
JF808126,3,III,South-America ,BRA,Brazil,North-Brazil,Porteo-Velho,,,,2003
EF643017,3,III,South-America ,BRA,Brazil,,,,,,2003-03-03
FJ850083,3,III,South-America ,BRA,Brazil,North-Brazil,Northern,,,,2004
JF808119,3,III,South-America ,BRA,Brazil,Northeast-Brazil,Pernambuco,,,,2004
JX669495,3,III,South-America ,BRA,Brazil,Northeast-Brazil,Pernambuco,,,,2004
JX669498,3,III,South-America ,BRA,Brazil,Northeast-Brazil,Pernambuco,,,,2004
JX669499,3,III,South-America ,BRA,Brazil,Northeast-Brazil,Pernambuco,,,,2004
FJ850086,3,III,South-America ,BRA,Brazil,North-Brazil,Northern,,,,2005
JX669503,3,III,South-America ,BRA,Brazil,North-Brazil,Northern,,,,2005
JX669492,3,III,South-America ,BRA,Brazil,Northeast-Brazil,Pernambuco,,,,2005
JX669493,3,III,South-America ,BRA,Brazil,Northeast-Brazil,Pernambuco,,,,2005
JX669494,3,III,South-America ,BRA,Brazil,Northeast-Brazil,Pernambuco,,,,2005
JX669497,3,III,South-America ,BRA,Brazil,Northeast-Brazil,Pernambuco,,,,2005
JX669500,3,III,South-America ,BRA,Brazil,Northeast-Brazil,Pernambuco,,,,2005
JX669501,3,III,South-America ,BRA,Brazil,Northeast-Brazil,Pernambuco,,,,2005
JX669502,3,III,South-America ,BRA,Brazil,Northeast-Brazil,Pernambuco,,,,2005
FJ850089,3,III,South-America ,BRA,Brazil,North-Brazil,Northern,,,,2006
JX669496,3,III,South-America ,BRA,Brazil,Northeast-Brazil,Pernambuco,,,,2006
JX669504,3,III,South-America ,BRA,Brazil,Northeast-Brazil,Pernambuco,,,,2006
JX669505,3,III,South-America ,BRA,Brazil,Northeast-Brazil,Pernambuco,,,,2006
JX669506,3,III,South-America ,BRA,Brazil,Northeast-Brazil,Pernambuco,,,,2006
JX669507,3,III,South-America ,BRA,Brazil,Northeast-Brazil,Pernambuco,,,,2006
JX669508,3,III,South-America ,BRA,Brazil,Northeast-Brazil,Pernambuco,,,,2006
GQ868546,3,III,South-America ,BRA,Brazil,Southeast-Brazil,SaoPaulo,,,,2006
GQ868547,3,III,South-America ,BRA,Brazil,Southeast-Brazil,SaoPaulo,,,,2006
GQ868548,3,III,South-America ,BRA,Brazil,Southeast-Brazil,SaoPaulo,,,,2006
GU131844,3,III,South-America ,BRA,Brazil,Southeast-Brazil,SaoPaulo,,,,2006
GU131845,3,III,South-America ,BRA,Brazil,Southeast-Brazil,SaoPaulo,,,,2006
GU131846,3,III,South-America ,BRA,Brazil,Southeast-Brazil,SaoPaulo,,,,2006
GU131847,3,III,South-America ,BRA,Brazil,Southeast-Brazil,SaoPaulo,,,,2006
GU131848,3,III,South-America ,BRA,Brazil,Southeast-Brazil,SaoPaulo,,,,2006
GU131849,3,III,South-America ,BRA,Brazil,Southeast-Brazil,SaoPaulo,,,,2006
GU131850,3,III,South-America ,BRA,Brazil,Southeast-Brazil,SaoPaulo,,,,2006
GU131851,3,III,South-America ,BRA,Brazil,Southeast-Brazil,SaoPaulo,,,,2006
GU131852,3,III,South-America ,BRA,Brazil,Southeast-Brazil,SaoPaulo,,,,2006
GU131853,3,III,South-America ,BRA,Brazil,Southeast-Brazil,SaoPaulo,,,,2006
GU131854,3,III,South-America ,BRA,Brazil,Southeast-Brazil,SaoPaulo,,,,2006
GU131855,3,III,South-America ,BRA,Brazil,Southeast-Brazil,SaoPaulo,,,,2006
GU131856,3,III,South-America ,BRA,Brazil,Southeast-Brazil,SaoPaulo,,,,2006
GU131857,3,III,South-America ,BRA,Brazil,Southeast-Brazil,SaoPaulo,,,,2006
GU131858,3,III,South-America ,BRA,Brazil,Southeast-Brazil,SaoPaulo,,,,2006
GU131859,3,III,South-America ,BRA,Brazil,Southeast-Brazil,SaoPaulo,,,,2006
GU131860,3,III,South-America ,BRA,Brazil,Southeast-Brazil,SaoPaulo,,,,2006
GU131865,3,III,South-America ,BRA,Brazil,Southeast-Brazil,SaoPaulo,,,,2006
FJ850092,3,III,South-America ,BRA,Brazil,North-Brazil,Northern,,,,2007
GU131861,3,III,South-America ,BRA,Brazil,Southeast-Brazil,SaoPaulo,,,,2007
GU131862,3,III,South-America ,BRA,Brazil,Southeast-Brazil,SaoPaulo,,,,2007
GU131866,3,III,South-America ,BRA,Brazil,Southeast-Brazil,SaoPaulo,,,,2007
GU131867,3,III,South-America ,BRA,Brazil,Southeast-Brazil,SaoPaulo,,,,2007
GU131868,3,III,South-America ,BRA,Brazil,Southeast-Brazil,SaoPaulo,,,,2007
GU131869,3,III,South-America ,BRA,Brazil,Southeast-Brazil,SaoPaulo,,,,2007
GU131870,3,III,South-America ,BRA,Brazil,Southeast-Brazil,SaoPaulo,,,,2007
GU131871,3,III,South-America ,BRA,Brazil,Southeast-Brazil,SaoPaulo,,,,2007
GU131872,3,III,South-America ,BRA,Brazil,Southeast-Brazil,SaoPaulo,,,,2007
GU131873,3,III,South-America ,BRA,Brazil,Southeast-Brazil,SaoPaulo,,,,2007
GU131874,3,III,South-America ,BRA,Brazil,Southeast-Brazil,SaoPaulo,,,,2007
GU131875,3,III,South-America ,BRA,Brazil,Southeast-Brazil,SaoPaulo,,,,2007
GU131876,3,III,South-America ,BRA,Brazil,Southeast-Brazil,SaoPaulo,,,,2007
GU131877,3,III,South-America ,BRA,Brazil,Southeast-Brazil,SaoPaulo,,,,2007
GU131878,3,III,South-America ,BRA,Brazil,Southeast-Brazil,SaoPaulo,,,,2007
JF808121,3,III,South-America ,BRA,Brazil,Southeast-Brazil,SaoPaulo,,,,2007
FJ850094,3,III,South-America ,BRA,Brazil,North-Brazil,Northern,,,,2008
JF808120,3,III,South-America ,BRA,Brazil,North-Brazil,Northern,,,,2009
JF504679,3,III,East-Asia,CHN,China,,Zhejiang,,,,2009
GU363549,3,III,East-Asia,CHN,China,,Guangdong,,,,2009-08-06
JN662391,3,III,East-Asia,CHN,China,,Guangdong,,,,2009-08-06
KF954945,3,III,East-Asia,CHN,China,,Zhongshan,,,,2013-08-08
KF954946,3,III,East-Asia,CHN,China,,Zhongshan,,,,2013-08-08
KF954947,3,III,East-Asia,CHN,China,,Zhongshan,,,,2013-08-08
KF954948,3,III,East-Asia,CHN,China,,Zhongshan,,,,2013-08-08
KF954949,3,III,East-Asia,CHN,China,,Zhongshan,,,,2013-08-08
MF370226,3,III,East-Asia,CHN,China,,Yunnan,,,,2013-08-20
GQ199891,3,III,South-America ,COL,Colombia,,Santander,,,,2001
GU131950,3,III,South-America ,COL,Colombia,,Santander,,,,2001
GQ868571,3,III,South-America ,COL,Colombia,,Santander,,,,2002
FJ898443,3,III,South-America ,COL,Colombia,,Santander,,,,2003
GQ868572,3,III,South-America ,COL,Colombia,,Santander,,,,2003
GQ868573,3,III,South-America ,COL,Colombia,,Santander,,,,2003
GQ868574,3,III,South-America ,COL,Colombia,,Santander,,,,2003
GU131951,3,III,South-America ,COL,Colombia,,Santander,,,,2003
GU131952,3,III,South-America ,COL,Colombia,,Santander,,,,2003
GQ868575,3,III,South-America ,COL,Colombia,,Santander,,,,2004
GU131953,3,III,South-America ,COL,Colombia,,Santander,,,,2004
FJ898444,3,III,South-America ,COL,Colombia,,Norte-de-santander,,,,2005
GQ868576,3,III,South-America ,COL,Colombia,,Norte-de-santander,,,,2005
GQ868577,3,III,South-America ,COL,Colombia,,Norte-de-santander,,,,2005
GU131954,3,III,South-America ,COL,Colombia,,Santander,,,,2006
FJ898445,3,III,South-America ,COL,Colombia,,Santander,,,,2007
GQ868578,3,III,South-America ,COL,Colombia,,Santander,,,,2007
MH544647,3,III,South-America ,COL,Colombia,,Boyaca,,,,2015-08-23
MH544650,3,III,South-America ,COL,Colombia,,Meta,,,,2015-09-07
MH544649,3,III,South-America ,COL,Colombia,,Antioquia,,,,2015-09-15
MH544651,3,III,South-America ,COL,Colombia,,Risaralda,,,,2016-04-16
KT726340,3,III,Caribbean ,CUB,Cuba,,NA,,,,2001
KT726341,3,III,Caribbean ,CUB,Cuba,,NA,,,,2001
KT726342,3,III,Caribbean ,CUB,Cuba,,NA,,,,2001
KT726343,3,III,Caribbean ,CUB,Cuba,,NA,,,,2001
KT726344,3,III,Caribbean ,CUB,Cuba,,NA,,,,2001
KT726349,3,III,Caribbean ,CUB,Cuba,,NA,,,,2001
KT726350,3,III,Caribbean ,CUB,Cuba,,NA,,,,2001
KT726351,3,III,Caribbean ,CUB,Cuba,,NA,,,,2001
KT726352,3,III,Caribbean ,CUB,Cuba,,NA,,,,2001
KT726353,3,III,Caribbean ,CUB,Cuba,,NA,,,,2001
KT726354,3,III,Caribbean ,CUB,Cuba,,NA,,,,2001
KT726355,3,III,Caribbean ,CUB,Cuba,,NA,,,,2001
KT726356,3,III,Caribbean ,CUB,Cuba,,NA,,,,2001
KT726357,3,III,Caribbean ,CUB,Cuba,,NA,,,,2001
KT726358,3,III,Caribbean ,CUB,Cuba,,NA,,,,2001
KT726359,3,III,Caribbean ,CUB,Cuba,,NA,,,,2001
KT726360,3,III,Caribbean ,CUB,Cuba,,NA,,,,2001
KT726345,3,III,Caribbean ,CUB,Cuba,,NA,,,,2002
KT726346,3,III,Caribbean ,CUB,Cuba,,NA,,,,2002
KT726347,3,III,Caribbean ,CUB,Cuba,,NA,,,,2002
KT726348,3,III,Caribbean ,CUB,Cuba,,NA,,,,2002
KT726361,3,III,Caribbean ,CUB,Cuba,,NA,,,,2002
FJ898457,3,III,South-America ,ECU,Ecuador,,,,,,2000
KF955505,3,III,Caribbean ,GRD,Grenada,,NA,,,,2002
FJ898464,3,III,South-America ,GUY,Guyana,,NA,,,,2002
JQ922555,3,III,South-Asia,IND,India,,Tamil-Nadu,,,,1966
AY770511,3,III,South-Asia,IND,India,,Gwalior,,,,2004
JQ922556,3,III,South-Asia,IND,India,,Maharashtra,,,,2005
JQ922557,3,III,South-Asia,IND,India,,West-Bengol,,,,2005
FJ644564,3,III,South-Asia,IND,India,,Hyderabad,,,,2007
GQ466079,3,III,South-Asia,IND,India,,Delhi,,,,2008
KU509281,3,III,South-Asia,IND,India,,,,,,2009
KU509286,3,III,South-Asia,IND,India,,,,,,2011
MH822957,3,III,South-Asia,IND,India,,,,,,2013
KU216208,3,III,South-Asia,IND,India,,,,,,2013-11-11
KU216209,3,III,South-Asia,IND,India,,,,,,2013-11-11
MG721059,3,III,South-Asia,IND,India,,,,,,2016
MG721061,3,III,South-Asia,IND,India,,,,,,2016
LT898451,3,III,Southeast-Asia,MYS,Malaysia,,,,,,2011
LT898452,3,III,Southeast-Asia,MYS,Malaysia,,,,,,2011
FJ898440,3,III,Central-America,MEX,Mexico,,Morelos,,,,2003
FJ898441,3,III,Central-America,MEX,Mexico,,Distrito-federal,,,,2006
FJ898442,3,III,Central-America,MEX,Mexico,,Puebla,,,,2007
FJ882575,3,III,Africa,MOZ,Mozambique,,,,,,1985
FJ882576,3,III,Central-America,NIC,Nicaragua,,,,,,1994
GQ199886,3,III,Central-America,NIC,Nicaragua,,,,,,1998
FJ850048,3,III,Central-America,NIC,Nicaragua,,Managua,,,,2008
FJ850049,3,III,Central-America,NIC,Nicaragua,,Managua,,,,2008
FJ850052,3,III,Central-America,NIC,Nicaragua,,Managua,,,,2008
FJ873812,3,III,Central-America,NIC,Nicaragua,,Managua,,,,2008
FJ873813,3,III,Central-America,NIC,Nicaragua,,Managua,,,,2008
FJ898475,3,III,Central-America,NIC,Nicaragua,,Managua,,,,2008
FJ898476,3,III,Central-America,NIC,Nicaragua,,Managua,,,,2008
GQ199860,3,III,Central-America,NIC,Nicaragua,,Managua,,,,2008
GQ199861,3,III,Central-America,NIC,Nicaragua,,Managua,,,,2008
GQ199862,3,III,Central-America,NIC,Nicaragua,,Managua,,,,2008
GQ199863,3,III,Central-America,NIC,Nicaragua,,Managua,,,,2008
GQ199864,3,III,Central-America,NIC,Nicaragua,,Managua,,,,2008
GQ199870,3,III,Central-America,NIC,Nicaragua,,Managua,,,,2008
GQ199871,3,III,Central-America,NIC,Nicaragua,,Managua,,,,2008
HQ541789,3,III,Central-America,NIC,Nicaragua,,Managua,,,,2008
HQ541790,3,III,Central-America,NIC,Nicaragua,,Managua,,,,2008
HQ541791,3,III,Central-America,NIC,Nicaragua,,Managua,,,,2008
KF955488,3,III,Central-America,NIC,Nicaragua,,Managua,,,,2008
KF955489,3,III,Central-America,NIC,Nicaragua,,Managua,,,,2008
KF955490,3,III,Central-America,NIC,Nicaragua,,Managua,,,,2008
KF955491,3,III,Central-America,NIC,Nicaragua,,Managua,,,,2008
JF937652,3,III,Central-America,NIC,Nicaragua,,Boaco,,,,2009
JF920404,3,III,Central-America,NIC,Nicaragua,,Leon,,,,2009
JF937641,3,III,Central-America,NIC,Nicaragua,,Leon,,,,2009
JF937642,3,III,Central-America,NIC,Nicaragua,,Leon,,,,2009
GQ199865,3,III,Central-America,NIC,Nicaragua,,Managua,,,,2009
HM181972,3,III,Central-America,NIC,Nicaragua,,Managua,,,,2009
HM181973,3,III,Central-America,NIC,Nicaragua,,Managua,,,,2009
HM181974,3,III,Central-America,NIC,Nicaragua,,Managua,,,,2009
HM181975,3,III,Central-America,NIC,Nicaragua,,Managua,,,,2009
HM181976,3,III,Central-America,NIC,Nicaragua,,Managua,,,,2009
HM181977,3,III,Central-America,NIC,Nicaragua,,Managua,,,,2009
HM181978,3,III,Central-America,NIC,Nicaragua,,Managua,,,,2009
HM631856,3,III,Central-America,NIC,Nicaragua,,Managua,,,,2009
HM631857,3,III,Central-America,NIC,Nicaragua,,Managua,,,,2009
HM631858,3,III,Central-America,NIC,Nicaragua,,Managua,,,,2009
HM631859,3,III,Central-America,NIC,Nicaragua,,Managua,,,,2009
HM631860,3,III,Central-America,NIC,Nicaragua,,Managua,,,,2009
HM631861,3,III,Central-America,NIC,Nicaragua,,Managua,,,,2009
HM631862,3,III,Central-America,NIC,Nicaragua,,Managua,,,,2009
HM631863,3,III,Central-America,NIC,Nicaragua,,Managua,,,,2009
HM631864,3,III,Central-America,NIC,Nicaragua,,Managua,,,,2009
HM631869,3,III,Central-America,NIC,Nicaragua,,Managua,,,,2009
HM756274,3,III,Central-America,NIC,Nicaragua,,Managua,,,,2009
HM756275,3,III,Central-America,NIC,Nicaragua,,Managua,,,,2009
HM756276,3,III,Central-America,NIC,Nicaragua,,Managua,,,,2009
HM756277,3,III,Central-America,NIC,Nicaragua,,Managua,,,,2009
HM756278,3,III,Central-America,NIC,Nicaragua,,Managua,,,,2009
HM756279,3,III,Central-America,NIC,Nicaragua,,Managua,,,,2009
HM756280,3,III,Central-America,NIC,Nicaragua,,Managua,,,,2009
HM756281,3,III,Central-America,NIC,Nicaragua,,Managua,,,,2009
HM756282,3,III,Central-America,NIC,Nicaragua,,Managua,,,,2009
HQ166030,3,III,Central-America,NIC,Nicaragua,,Managua,,,,2009
HQ166031,3,III,Central-America,NIC,Nicaragua,,Managua,,,,2009
HQ166032,3,III,Central-America,NIC,Nicaragua,,Managua,,,,2009
HQ166033,3,III,Central-America,NIC,Nicaragua,,Managua,,,,2009
HQ166034,3,III,Central-America,NIC,Nicaragua,,Managua,,,,2009
HQ541785,3,III,Central-America,NIC,Nicaragua,,Managua,,,,2009
HQ541795,3,III,Central-America,NIC,Nicaragua,,Managua,,,,2009
HQ541796,3,III,Central-America,NIC,Nicaragua,,Managua,,,,2009
HQ541797,3,III,Central-America,NIC,Nicaragua,,Managua,,,,2009
HQ541802,3,III,Central-America,NIC,Nicaragua,,Managua,,,,2009
HQ541803,3,III,Central-America,NIC,Nicaragua,,Managua,,,,2009
HQ541804,3,III,Central-America,NIC,Nicaragua,,Managua,,,,2009
HQ541806,3,III,Central-America,NIC,Nicaragua,,Managua,,,,2009
HQ671176,3,III,Central-America,NIC,Nicaragua,,Managua,,,,2009
HQ671177,3,III,Central-America,NIC,Nicaragua,,Managua,,,,2009
HQ671178,3,III,Central-America,NIC,Nicaragua,,Managua,,,,2009
HQ705609,3,III,Central-America,NIC,Nicaragua,,Managua,,,,2009
HQ705610,3,III,Central-America,NIC,Nicaragua,,Managua,,,,2009
HQ705611,3,III,Central-America,NIC,Nicaragua,,Managua,,,,2009
HQ705612,3,III,Central-America,NIC,Nicaragua,,Managua,,,,2009
HQ705613,3,III,Central-America,NIC,Nicaragua,,Managua,,,,2009
HQ705614,3,III,Central-America,NIC,Nicaragua,,Managua,,,,2009
HQ705615,3,III,Central-America,NIC,Nicaragua,,Managua,,,,2009
HQ705616,3,III,Central-America,NIC,Nicaragua,,Managua,,,,2009
HQ705617,3,III,Central-America,NIC,Nicaragua,,Managua,,,,2009
HQ705618,3,III,Central-America,NIC,Nicaragua,,Managua,,,,2009
HQ705619,3,III,Central-America,NIC,Nicaragua,,Managua,,,,2009
HQ705620,3,III,Central-America,NIC,Nicaragua,,Managua,,,,2009
HQ705621,3,III,Central-America,NIC,Nicaragua,,Managua,,,,2009
HQ705622,3,III,Central-America,NIC,Nicaragua,,Managua,,,,2009
HQ705623,3,III,Central-America,NIC,Nicaragua,,Managua,,,,2009
HQ891025,3,III,Central-America,NIC,Nicaragua,,Managua,,,,2009
JF920393,3,III,Central-America,NIC,Nicaragua,,Managua,,,,2009
JF920394,3,III,Central-America,NIC,Nicaragua,,Managua,,,,2009
JF920395,3,III,Central-America,NIC,Nicaragua,,Managua,,,,2009
JF920396,3,III,Central-America,NIC,Nicaragua,,Managua,,,,2009
JF920398,3,III,Central-America,NIC,Nicaragua,,Managua,,,,2009
JF920399,3,III,Central-America,NIC,Nicaragua,,Managua,,,,2009
JF920400,3,III,Central-America,NIC,Nicaragua,,Managua,,,,2009
JF937630,3,III,Central-America,NIC,Nicaragua,,Managua,,,,2009
JF937631,3,III,Central-America,NIC,Nicaragua,,Managua,,,,2009
JF937632,3,III,Central-America,NIC,Nicaragua,,Managua,,,,2009
JF937636,3,III,Central-America,NIC,Nicaragua,,Managua,,,,2009
JF937643,3,III,Central-America,NIC,Nicaragua,,Managua,,,,2009
JF937647,3,III,Central-America,NIC,Nicaragua,,Managua,,,,2009
JN000936,3,III,Central-America,NIC,Nicaragua,,Managua,,,,2009
JN093514,3,III,Central-America,NIC,Nicaragua,,Managua,,,,2009
JN093517,3,III,Central-America,NIC,Nicaragua,,Managua,,,,2009
JN183884,3,III,Central-America,NIC,Nicaragua,,Managua,,,,2009
KF921913,3,III,Central-America,NIC,Nicaragua,,Managua,,,,2009
KF921914,3,III,Central-America,NIC,Nicaragua,,Managua,,,,2009
KF921916,3,III,Central-America,NIC,Nicaragua,,Managua,,,,2009
KF921919,3,III,Central-America,NIC,Nicaragua,,Managua,,,,2009
KF921920,3,III,Central-America,NIC,Nicaragua,,Managua,,,,2009
KF921921,3,III,Central-America,NIC,Nicaragua,,Managua,,,,2009
KF921922,3,III,Central-America,NIC,Nicaragua,,Managua,,,,2009
KF921923,3,III,Central-America,NIC,Nicaragua,,Managua,,,,2009
KF955335,3,III,Central-America,NIC,Nicaragua,,Managua,,,,2009
KF971699,3,III,Central-America,NIC,Nicaragua,,Managua,,,,2009
KF971700,3,III,Central-America,NIC,Nicaragua,,Managua,,,,2009
KF971701,3,III,Central-America,NIC,Nicaragua,,Managua,,,,2009
KF971703,3,III,Central-America,NIC,Nicaragua,,Managua,,,,2009
KF971709,3,III,Central-America,NIC,Nicaragua,,Managua,,,,2009
JF920407,3,III,Central-America,NIC,Nicaragua,,Raas,,,,2009
JF920402,3,III,Central-America,NIC,Nicaragua,,Rio-san-juan,,,,2009
JF920403,3,III,Central-America,NIC,Nicaragua,,Rio-san-juan,,,,2009
JF920401,3,III,Central-America,NIC,Nicaragua,,Chinandega,,,,2010
JF920409,3,III,Central-America,NIC,Nicaragua,,Esteli,,,,2010
JF920405,3,III,Central-America,NIC,Nicaragua,,Leon,,,,2010
JF920406,3,III,Central-America,NIC,Nicaragua,,Leon,,,,2010
JF920397,3,III,Central-America,NIC,Nicaragua,,Managua,,,,2010
JF937620,3,III,Central-America,NIC,Nicaragua,,Managua,,,,2010
JF937621,3,III,Central-America,NIC,Nicaragua,,Managua,,,,2010
JF937622,3,III,Central-America,NIC,Nicaragua,,Managua,,,,2010
JF937623,3,III,Central-America,NIC,Nicaragua,,Managua,,,,2010
JF937624,3,III,Central-America,NIC,Nicaragua,,Managua,,,,2010
JF937625,3,III,Central-America,NIC,Nicaragua,,Managua,,,,2010
JF937626,3,III,Central-America,NIC,Nicaragua,,Managua,,,,2010
JF937627,3,III,Central-America,NIC,Nicaragua,,Managua,,,,2010
JF937628,3,III,Central-America,NIC,Nicaragua,,Managua,,,,2010
JF937629,3,III,Central-America,NIC,Nicaragua,,Managua,,,,2010
JF937633,3,III,Central-America,NIC,Nicaragua,,Managua,,,,2010
JF937634,3,III,Central-America,NIC,Nicaragua,,Managua,,,,2010
JF937637,3,III,Central-America,NIC,Nicaragua,,Managua,,,,2010
JF937638,3,III,Central-America,NIC,Nicaragua,,Managua,,,,2010
JF937639,3,III,Central-America,NIC,Nicaragua,,Managua,,,,2010
JF937640,3,III,Central-America,NIC,Nicaragua,,Managua,,,,2010
JF937646,3,III,Central-America,NIC,Nicaragua,,Managua,,,,2010
JF937648,3,III,Central-America,NIC,Nicaragua,,Managua,,,,2010
JN000937,3,III,Central-America,NIC,Nicaragua,,Managua,,,,2010
JN000938,3,III,Central-America,NIC,Nicaragua,,Managua,,,,2010
JN093513,3,III,Central-America,NIC,Nicaragua,,Managua,,,,2010
JN093515,3,III,Central-America,NIC,Nicaragua,,Managua,,,,2010
KF921926,3,III,Central-America,NIC,Nicaragua,,Managua,,,,2010
KF921927,3,III,Central-America,NIC,Nicaragua,,Managua,,,,2010
KF921929,3,III,Central-America,NIC,Nicaragua,,Managua,,,,2010
KF971708,3,III,Central-America,NIC,Nicaragua,,Managua,,,,2010
JF920408,3,III,Central-America,NIC,Nicaragua,,Nueva-segovia,,,,2010
KF921924,3,III,Central-America,NIC,Nicaragua,,Nueva-segovia,,,,2010
KF921925,3,III,Central-America,NIC,Nicaragua,,Nueva-segovia,,,,2010
KF921928,3,III,Central-America,NIC,Nicaragua,,Raann,,,,2010
KF973476,3,III,Central-America,NIC,Nicaragua,,Managua,,,,2011
KF973477,3,III,Central-America,NIC,Nicaragua,,Managua,,,,2011
KF973481,3,III,Central-America,NIC,Nicaragua,,Managua,,,,2011
KF973482,3,III,Central-America,NIC,Nicaragua,,Managua,,,,2011
KF973483,3,III,Central-America,NIC,Nicaragua,,Managua,,,,2011
KF973484,3,III,Central-America,NIC,Nicaragua,,Managua,,,,2011
KF973485,3,III,Central-America,NIC,Nicaragua,,Managua,,,,2011
KF973487,3,III,Central-America,NIC,Nicaragua,,Managua,,,,2011
KF973478,3,III,Central-America,NIC,Nicaragua,,Managua,,,,2012
KF973479,3,III,Central-America,NIC,Nicaragua,,Managua,,,,2012
KF973480,3,III,Central-America,NIC,Nicaragua,,Managua,,,,2012
KF973486,3,III,Central-America,NIC,Nicaragua,,Managua,,,,2012
KF041256,3,III,South-Asia,PAK,Pakistan,,Karachi,,,,2006
KF041257,3,III,South-Asia,PAK,Pakistan,,Karachi,,,,2006
KF041259,3,III,South-Asia,PAK,Pakistan,,Karachi,,,,2006
KF041255,3,III,South-Asia,PAK,Pakistan,,Karachi,,,,2007
KF041254,3,III,South-Asia,PAK,Pakistan,,Karachi,,,,2008
KF041258,3,III,South-Asia,PAK,Pakistan,,Karachi,,,,2009
JF808123,3,III,South-America ,PRY,Paraguay,,Asuncion,,,,2002
JF808122,3,III,South-America ,PRY,Paraguay,,Asuncion,,,,2003
JF808128,3,III,South-America ,PRY,Paraguay,,Asuncion,,,,2003
JF808129,3,III,South-America ,PRY,Paraguay,,Asuncion,,,,2003
HQ235027,3,III,South-America ,PRY,Paraguay,,Lambaré,,,,2007
FJ898458,3,III,South-America ,PER,Peru,,,,,,2002
KJ189255,3,III,South-America ,PER,Peru,,,,,,2002
KJ189256,3,III,South-America ,PER,Peru,,,,,,2002
KJ189258,3,III,South-America ,PER,Peru,,,,,,2002
KJ189259,3,III,South-America ,PER,Peru,,,,,,2002
KJ189260,3,III,South-America ,PER,Peru,,,,,,2002
KJ189257,3,III,South-America ,PER,Peru,,,,,,2004
KJ189262,3,III,South-America ,PER,Peru,,,,,,2004
KJ189263,3,III,South-America ,PER,Peru,,,,,,2004
KJ189264,3,III,South-America ,PER,Peru,,,,,,2004
KJ189265,3,III,South-America ,PER,Peru,,,,,,2004
KJ189266,3,III,South-America ,PER,Peru,,,,,,2004
KJ189293,3,III,South-America ,PER,Peru,,,,,,2005
KJ189299,3,III,South-America ,PER,Peru,,,,,,2005
KJ189294,3,III,South-America ,PER,Peru,,,,,,2006
KJ189295,3,III,South-America ,PER,Peru,,,,,,2006
KJ189296,3,III,South-America ,PER,Peru,,,,,,2006
KJ189297,3,III,South-America ,PER,Peru,,,,,,2006
KJ189267,3,III,South-America ,PER,Peru,,,,,,2007
KJ189268,3,III,South-America ,PER,Peru,,,,,,2007
KJ189269,3,III,South-America ,PER,Peru,,,,,,2007
KJ189270,3,III,South-America ,PER,Peru,,,,,,2007
KJ189271,3,III,South-America ,PER,Peru,,,,,,2007
KJ189272,3,III,South-America ,PER,Peru,,,,,,2007
KJ189273,3,III,South-America ,PER,Peru,,,,,,2007
KJ189274,3,III,South-America ,PER,Peru,,,,,,2007
KJ189275,3,III,South-America ,PER,Peru,,,,,,2007
KJ189276,3,III,South-America ,PER,Peru,,,,,,2007
KJ189277,3,III,South-America ,PER,Peru,,,,,,2007
KJ189278,3,III,South-America ,PER,Peru,,,,,,2007
KJ189279,3,III,South-America ,PER,Peru,,,,,,2007
KJ189280,3,III,South-America ,PER,Peru,,,,,,2007
KJ189281,3,III,South-America ,PER,Peru,,,,,,2007
KJ189282,3,III,South-America ,PER,Peru,,,,,,2007
KJ189283,3,III,South-America ,PER,Peru,,,,,,2007
KJ643590,3,III,South-America ,PER,Peru,,,,,,2007
KJ189261,3,III,South-America ,PER,Peru,,,,,,2008
KJ189284,3,III,South-America ,PER,Peru,,,,,,2008
KJ189285,3,III,South-America ,PER,Peru,,,,,,2008
KJ189286,3,III,South-America ,PER,Peru,,,,,,2008
KJ189287,3,III,South-America ,PER,Peru,,,,,,2008
KJ189288,3,III,South-America ,PER,Peru,,,,,,2008
KJ189289,3,III,South-America ,PER,Peru,,,,,,2008
KJ189290,3,III,South-America ,PER,Peru,,,,,,2008
KJ189291,3,III,South-America ,PER,Peru,,,,,,2008
KJ189298,3,III,South-America ,PER,Peru,,,,,,2008
KJ189300,3,III,South-America ,PER,Peru,,,,,,2008
KJ189301,3,III,South-America ,PER,Peru,,,,,,2008
KJ189292,3,III,South-America ,PER,Peru,,,,,,2009
EU726773,3,III,Caribbean ,PRI,Puerto-Rico,,NA,,,,1999
EU482558,3,III,Caribbean ,PRI,Puerto-Rico,,NA,,,,1998
EU482559,3,III,Caribbean ,PRI,Puerto-Rico,,NA,,,,1998
EU482563,3,III,Caribbean ,PRI,Puerto-Rico,,NA,,,,1998
EU482566,3,III,Caribbean ,PRI,Puerto-Rico,,NA,,,,1998
EU482596,3,III,Caribbean ,PRI,Puerto-Rico,,NA,,,,1998
EU529703,3,III,Caribbean ,PRI,Puerto-Rico,,NA,,,,1998
EU687218,3,III,Caribbean ,PRI,Puerto-Rico,,NA,,,,1998
EU726771,3,III,Caribbean ,PRI,Puerto-Rico,,NA,,,,1998
EU726772,3,III,Caribbean ,PRI,Puerto-Rico,,NA,,,,1998
FJ182013,3,III,Caribbean ,PRI,Puerto-Rico,,NA,,,,1998
FJ547070,3,III,Caribbean ,PRI,Puerto-Rico,,NA,,,,1998
EU529696,3,III,Caribbean ,PRI,Puerto-Rico,,NA,,,,1999
EU687219,3,III,Caribbean ,PRI,Puerto-Rico,,NA,,,,1999
EU687226,3,III,Caribbean ,PRI,Puerto-Rico,,NA,,,,1999
EU726774,3,III,Caribbean ,PRI,Puerto-Rico,,NA,,,,1999
EU781136,3,III,Caribbean ,PRI,Puerto-Rico,,NA,,,,1999
EU781137,3,III,Caribbean ,PRI,Puerto-Rico,,NA,,,,1999
FJ205871,3,III,Caribbean ,PRI,Puerto-Rico,,NA,,,,1999
FJ390375,3,III,Caribbean ,PRI,Puerto-Rico,,NA,,,,1999
FJ390376,3,III,Caribbean ,PRI,Puerto-Rico,,NA,,,,1999
FJ390377,3,III,Caribbean ,PRI,Puerto-Rico,,NA,,,,1999
FJ547069,3,III,Caribbean ,PRI,Puerto-Rico,,NA,,,,1999
EU529697,3,III,Caribbean ,PRI,Puerto-Rico,,NA,,,,2000
EU687221,3,III,Caribbean ,PRI,Puerto-Rico,,NA,,,,2000
EU726768,3,III,Caribbean ,PRI,Puerto-Rico,,NA,,,,2000
FJ410176,3,III,Caribbean ,PRI,Puerto-Rico,,NA,,,,2000
FJ410177,3,III,Caribbean ,PRI,Puerto-Rico,,NA,,,,2000
FJ547071,3,III,Caribbean ,PRI,Puerto-Rico,,NA,,,,2000
FJ547072,3,III,Caribbean ,PRI,Puerto-Rico,,NA,,,,2000
FJ547073,3,III,Caribbean ,PRI,Puerto-Rico,,NA,,,,2000
FJ547074,3,III,Caribbean ,PRI,Puerto-Rico,,NA,,,,2000
FJ547075,3,III,Caribbean ,PRI,Puerto-Rico,,NA,,,,2000
FJ547076,3,III,Caribbean ,PRI,Puerto-Rico,,NA,,,,2000
FJ547077,3,III,Caribbean ,PRI,Puerto-Rico,,NA,,,,2000
FJ547078,3,III,Caribbean ,PRI,Puerto-Rico,,NA,,,,2000
FJ562107,3,III,Caribbean ,PRI,Puerto-Rico,,NA,,,,2000
KF955465,3,III,Caribbean ,PRI,Puerto-Rico,,NA,,,,2000
KF955466,3,III,Caribbean ,PRI,Puerto-Rico,,NA,,,,2000
FJ547079,3,III,Caribbean ,PRI,Puerto-Rico,,NA,,,,2001
FJ547080,3,III,Caribbean ,PRI,Puerto-Rico,,NA,,,,2001
FJ547081,3,III,Caribbean ,PRI,Puerto-Rico,,NA,,,,2001
FJ547082,3,III,Caribbean ,PRI,Puerto-Rico,,NA,,,,2001
KF955468,3,III,Caribbean ,PRI,Puerto-Rico,,NA,,,,2001
EU687196,3,III,Caribbean ,PRI,Puerto-Rico,,NA,,,,2002
EU687233,3,III,Caribbean ,PRI,Puerto-Rico,,NA,,,,2002
EU687234,3,III,Caribbean ,PRI,Puerto-Rico,,NA,,,,2002
EU854298,3,III,Caribbean ,PRI,Puerto-Rico,,NA,,,,2002
FJ373306,3,III,Caribbean ,PRI,Puerto-Rico,,NA,,,,2002
FJ390373,3,III,Caribbean ,PRI,Puerto-Rico,,NA,,,,2002
FJ410178,3,III,Caribbean ,PRI,Puerto-Rico,,NA,,,,2002
FJ478456,3,III,Caribbean ,PRI,Puerto-Rico,,NA,,,,2002
FJ547083,3,III,Caribbean ,PRI,Puerto-Rico,,NA,,,,2002
FJ547084,3,III,Caribbean ,PRI,Puerto-Rico,,NA,,,,2002
EU482564,3,III,Caribbean ,PRI,Puerto-Rico,,NA,,,,2003
EU482595,3,III,Caribbean ,PRI,Puerto-Rico,,NA,,,,2003
EU529702,3,III,Caribbean ,PRI,Puerto-Rico,,NA,,,,2003
EU687197,3,III,Caribbean ,PRI,Puerto-Rico,,NA,,,,2003
EU687198,3,III,Caribbean ,PRI,Puerto-Rico,,NA,,,,2003
EU687239,3,III,Caribbean ,PRI,Puerto-Rico,,NA,,,,2003
EU726769,3,III,Caribbean ,PRI,Puerto-Rico,,NA,,,,2003
FJ205870,3,III,Caribbean ,PRI,Puerto-Rico,,NA,,,,2003
FJ390371,3,III,Caribbean ,PRI,Puerto-Rico,,NA,,,,2003
FJ390372,3,III,Caribbean ,PRI,Puerto-Rico,,NA,,,,2003
EU529704,3,III,Caribbean ,PRI,Puerto-Rico,,NA,,,,2004
EU529705,3,III,Caribbean ,PRI,Puerto-Rico,,NA,,,,2004
FJ024465,3,III,Caribbean ,PRI,Puerto-Rico,,NA,,,,2004
FJ024466,3,III,Caribbean ,PRI,Puerto-Rico,,NA,,,,2004
FJ024467,3,III,Caribbean ,PRI,Puerto-Rico,,NA,,,,2004
FJ024468,3,III,Caribbean ,PRI,Puerto-Rico,,NA,,,,2004
FJ024469,3,III,Caribbean ,PRI,Puerto-Rico,,NA,,,,2004
FJ024470,3,III,Caribbean ,PRI,Puerto-Rico,,NA,,,,2004
FJ024471,3,III,Caribbean ,PRI,Puerto-Rico,,NA,,,,2004
FJ182004,3,III,Caribbean ,PRI,Puerto-Rico,,NA,,,,2004
FJ182005,3,III,Caribbean ,PRI,Puerto-Rico,,NA,,,,2004
FJ182006,3,III,Caribbean ,PRI,Puerto-Rico,,NA,,,,2004
FJ373302,3,III,Caribbean ,PRI,Puerto-Rico,,NA,,,,2004
FJ850055,3,III,Caribbean ,PRI,Puerto-Rico,,NA,,,,2004
FJ850056,3,III,Caribbean ,PRI,Puerto-Rico,,NA,,,,2004
FJ182007,3,III,Caribbean ,PRI,Puerto-Rico,,NA,,,,2005
FJ182008,3,III,Caribbean ,PRI,Puerto-Rico,,NA,,,,2005
FJ182009,3,III,Caribbean ,PRI,Puerto-Rico,,NA,,,,2005
FJ182010,3,III,Caribbean ,PRI,Puerto-Rico,,NA,,,,2005
FJ182011,3,III,Caribbean ,PRI,Puerto-Rico,,NA,,,,2005
FJ182037,3,III,Caribbean ,PRI,Puerto-Rico,,NA,,,,2005
FJ182038,3,III,Caribbean ,PRI,Puerto-Rico,,NA,,,,2005
FJ182039,3,III,Caribbean ,PRI,Puerto-Rico,,NA,,,,2005
FJ182040,3,III,Caribbean ,PRI,Puerto-Rico,,NA,,,,2005
FJ182041,3,III,Caribbean ,PRI,Puerto-Rico,,NA,,,,2005
EU482555,3,III,Caribbean ,PRI,Puerto-Rico,,NA,,,,2006
EU529692,3,III,Caribbean ,PRI,Puerto-Rico,,NA,,,,2006
EU529698,3,III,Caribbean ,PRI,Puerto-Rico,,NA,,,,2006
EU529699,3,III,Caribbean ,PRI,Puerto-Rico,,NA,,,,2006
FJ547085,3,III,Caribbean ,PRI,Puerto-Rico,,NA,,,,2006
KF955456,3,III,Caribbean ,PRI,Puerto-Rico,,NA,,,,2006
EU596492,3,III,Caribbean ,PRI,Puerto-Rico,,NA,,,,2007
EU596493,3,III,Caribbean ,PRI,Puerto-Rico,,NA,,,,2007
EU596494,3,III,Caribbean ,PRI,Puerto-Rico,,NA,,,,2007
FJ898463,3,III,Caribbean ,LCA,Saint-Lucia,,NA,,,,2001
GQ868616,3,III,Caribbean ,LCA,Saint-Lucia,,NA,,,,2001
KJ830751,3,III,Middle-East,SAU,Saudi-Arabia,,,,,,2014-01-26
KU509282,3,III,Africa,SEN,Senegal,,,,,,2009
EU081181,3,III,Southeast-Asia,SGP,Singapore,,NA,,,,2004
EU081182,3,III,Southeast-Asia,SGP,Singapore,,NA,,,,2005
EU081183,3,III,Southeast-Asia,SGP,Singapore,,NA,,,,2005
EU081184,3,III,Southeast-Asia,SGP,Singapore,,NA,,,,2005
EU081185,3,III,Southeast-Asia,SGP,Singapore,,NA,,,,2005
EU081186,3,III,Southeast-Asia,SGP,Singapore,,NA,,,,2005
EU081187,3,III,Southeast-Asia,SGP,Singapore,,NA,,,,2005
EU081188,3,III,Southeast-Asia,SGP,Singapore,,NA,,,,2005
EU081189,3,III,Southeast-Asia,SGP,Singapore,,NA,,,,2005
EU081190,3,III,Southeast-Asia,SGP,Singapore,,NA,,,,2005
EU081191,3,III,Southeast-Asia,SGP,Singapore,,NA,,,,2005
EU081192,3,III,Southeast-Asia,SGP,Singapore,,NA,,,,2005
EU081193,3,III,Southeast-Asia,SGP,Singapore,,NA,,,,2005
EU081194,3,III,Southeast-Asia,SGP,Singapore,,NA,,,,2005
EU081195,3,III,Southeast-Asia,SGP,Singapore,,NA,,,,2005
EU081196,3,III,Southeast-Asia,SGP,Singapore,,NA,,,,2005
EU081197,3,III,Southeast-Asia,SGP,Singapore,,NA,,,,2005
EU081198,3,III,Southeast-Asia,SGP,Singapore,,NA,,,,2005
EU081199,3,III,Southeast-Asia,SGP,Singapore,,NA,,,,2005
EU081200,3,III,Southeast-Asia,SGP,Singapore,,NA,,,,2005
EU081201,3,III,Southeast-Asia,SGP,Singapore,,NA,,,,2005
EU081202,3,III,Southeast-Asia,SGP,Singapore,,NA,,,,2005
EU081203,3,III,Southeast-Asia,SGP,Singapore,,NA,,,,2005
EU081204,3,III,Southeast-Asia,SGP,Singapore,,NA,,,,2005
EU081205,3,III,Southeast-Asia,SGP,Singapore,,NA,,,,2005
EU081206,3,III,Southeast-Asia,SGP,Singapore,,NA,,,,2005
EU081207,3,III,Southeast-Asia,SGP,Singapore,,NA,,,,2005
EU081208,3,III,Southeast-Asia,SGP,Singapore,,NA,,,,2005
EU081209,3,III,Southeast-Asia,SGP,Singapore,,NA,,,,2005
EU081210,3,III,Southeast-Asia,SGP,Singapore,,NA,,,,2005
EU081211,3,III,Southeast-Asia,SGP,Singapore,,NA,,,,2005
EU081212,3,III,Southeast-Asia,SGP,Singapore,,NA,,,,2005
EU081213,3,III,Southeast-Asia,SGP,Singapore,,NA,,,,2005
EU081214,3,III,Southeast-Asia,SGP,Singapore,,NA,,,,2005
EU081215,3,III,Southeast-Asia,SGP,Singapore,,NA,,,,2005
EU081216,3,III,Southeast-Asia,SGP,Singapore,,NA,,,,2005
EU081217,3,III,Southeast-Asia,SGP,Singapore,,NA,,,,2005
EU081218,3,III,Southeast-Asia,SGP,Singapore,,NA,,,,2005
EU081219,3,III,Southeast-Asia,SGP,Singapore,,NA,,,,2005
EU081220,3,III,Southeast-Asia,SGP,Singapore,,NA,,,,2005
EU081222,3,III,Southeast-Asia,SGP,Singapore,,NA,,,,2005
EU081224,3,III,Southeast-Asia,SGP,Singapore,,NA,,,,2005
EU081225,3,III,Southeast-Asia,SGP,Singapore,,NA,,,,2005
GU370053,3,III,Southeast-Asia,SGP,Singapore,,NA,,,,2007-05
KX380841,3,III,Southeast-Asia,SGP,Singapore,,NA,,,,2012
KX380842,3,III,Southeast-Asia,SGP,Singapore,,NA,,,,2013
KY921907,3,III,Southeast-Asia,SGP,Singapore,,NA,,,,2015-04
GQ199887,3,III,South-Asia,LKA,Sri-Lanka,,Westernprovince,,,,1983
GQ199888,3,III,South-Asia,LKA,Sri-Lanka,,Westernprovince,,,,1983
GQ199889,3,III,South-Asia,LKA,Sri-Lanka,,Westernprovince,,,,1983
FJ882574,3,III,South-Asia,LKA,Sri-Lanka,,,,,,1985
KF955474,3,III,South-Asia,LKA,Sri-Lanka,,Westernprovince,,,,1989
FJ882571,3,III,South-Asia,LKA,Sri-Lanka,,,,,,1989
FJ882572,3,III,South-Asia,LKA,Sri-Lanka,,,,,,1989
JQ411814,3,III,South-Asia,LKA,Sri-Lanka,,,,,,1989
FJ882573,3,III,South-Asia,LKA,Sri-Lanka,,,,,,1993
GQ252674,3,III,South-Asia,LKA,Sri-Lanka,,Westernprovince,,,,1997
KU509283,3,III,South-Asia,LKA,Sri-Lanka,,,,,,2006
DQ675533,3,III,East-Asia,TWN,Taiwan,,NA,,,,1999
KY586819,3,III,Southeast-Asia,THA,Thailand,,,,,,2007
KY586820,3,III,Southeast-Asia,THA,Thailand,,,,,,2008
KY586822,3,III,Southeast-Asia,THA,Thailand,,,,,,2009
KY586821,3,III,Southeast-Asia,THA,Thailand,,,,,,2010
MF142763,3,III,Southeast-Asia,THA,Thailand,,Bangkok,,,,2015-09
LC410192,3,III,Southeast-Asia,THA,Thailand,,,,,,2016-10
LC410193,3,III,Southeast-Asia,THA,Thailand,,,,,,2016-12
LC410194,3,III,Southeast-Asia,THA,Thailand,,,,,,2016-12
LC410195,3,III,Southeast-Asia,THA,Thailand,,,,,,2017-01
FJ898459,3,III,Caribbean ,TTO,Trinidad-and-Tobago,,NA,,,,2002
GQ868617,3,III,Caribbean ,TTO,Trinidad-and-Tobago,,NA,,,,2002
FJ639746,3,III,South-America ,VEN,Venezuela,,Aragua,,,,2000
FJ639747,3,III,South-America ,VEN,Venezuela,,Aragua,,,,2000
FJ639749,3,III,South-America ,VEN,Venezuela,,Aragua,,,,2000
FJ639750,3,III,South-America ,VEN,Venezuela,,Aragua,,,,2000
FJ898468,3,III,South-America ,VEN,Venezuela,,Aragua,,,,2000
FJ639751,3,III,South-America ,VEN,Venezuela,,Aragua,,,,2001
FJ639752,3,III,South-America ,VEN,Venezuela,,Aragua,,,,2001
FJ639753,3,III,South-America ,VEN,Venezuela,,Aragua,,,,2001
FJ639754,3,III,South-America ,VEN,Venezuela,,Aragua,,,,2001
FJ639755,3,III,South-America ,VEN,Venezuela,,Aragua,,,,2001
FJ639756,3,III,South-America ,VEN,Venezuela,,Aragua,,,,2001
FJ639757,3,III,South-America ,VEN,Venezuela,,Aragua,,,,2001
FJ639758,3,III,South-America ,VEN,Venezuela,,Aragua,,,,2001
FJ639759,3,III,South-America ,VEN,Venezuela,,Aragua,,,,2001
FJ639760,3,III,South-America ,VEN,Venezuela,,Aragua,,,,2001
FJ639761,3,III,South-America ,VEN,Venezuela,,Aragua,,,,2001
FJ639762,3,III,South-America ,VEN,Venezuela,,Aragua,,,,2001
FJ639763,3,III,South-America ,VEN,Venezuela,,Aragua,,,,2001
FJ639765,3,III,South-America ,VEN,Venezuela,,Aragua,,,,2001
FJ639766,3,III,South-America ,VEN,Venezuela,,Aragua,,,,2001
FJ639767,3,III,South-America ,VEN,Venezuela,,Aragua,,,,2001
FJ639768,3,III,South-America ,VEN,Venezuela,,Aragua,,,,2001
FJ639769,3,III,South-America ,VEN,Venezuela,,Aragua,,,,2001
FJ639770,3,III,South-America ,VEN,Venezuela,,Aragua,,,,2001
FJ639771,3,III,South-America ,VEN,Venezuela,,Aragua,,,,2001
FJ639774,3,III,South-America ,VEN,Venezuela,,Aragua,,,,2001
FJ744700,3,III,South-America ,VEN,Venezuela,,Aragua,,,,2001
FJ810416,3,III,South-America ,VEN,Venezuela,,Aragua,,,,2001
FJ850096,3,III,South-America ,VEN,Venezuela,,Aragua,,,,2001
FJ850097,3,III,South-America ,VEN,Venezuela,,Aragua,,,,2001
FJ850098,3,III,South-America ,VEN,Venezuela,,Aragua,,,,2001
FJ882577,3,III,South-America ,VEN,Venezuela,,Aragua,,,,2001
FJ882578,3,III,South-America ,VEN,Venezuela,,Aragua,,,,2001
FJ898469,3,III,South-America ,VEN,Venezuela,,Aragua,,,,2001
FJ898470,3,III,South-America ,VEN,Venezuela,,Aragua,,,,2001
GQ252678,3,III,South-America ,VEN,Venezuela,,Aragua,,,,2001
KF955479,3,III,South-America ,VEN,Venezuela,,Aragua,,,,2001
KF955480,3,III,South-America ,VEN,Venezuela,,Aragua,,,,2001
EU482612,3,III,South-America ,VEN,Venezuela,,Caracas,,,,2001
EU482613,3,III,South-America ,VEN,Venezuela,,Caracas,,,,2001
EU482614,3,III,South-America ,VEN,Venezuela,,Caracas,,,,2001
EU529684,3,III,South-America ,VEN,Venezuela,,Caracas,,,,2001
EU529685,3,III,South-America ,VEN,Venezuela,,Caracas,,,,2001
EU529686,3,III,South-America ,VEN,Venezuela,,Caracas,,,,2001
EU529687,3,III,South-America ,VEN,Venezuela,,Caracas,,,,2001
EU529688,3,III,South-America ,VEN,Venezuela,,Caracas,,,,2001
EU529689,3,III,South-America ,VEN,Venezuela,,Caracas,,,,2001
EU529690,3,III,South-America ,VEN,Venezuela,,Caracas,,,,2001
EU529691,3,III,South-America ,VEN,Venezuela,,Caracas,,,,2001
EU569688,3,III,South-America ,VEN,Venezuela,,Caracas,,,,2001
EU569689,3,III,South-America ,VEN,Venezuela,,Caracas,,,,2001
EU569690,3,III,South-America ,VEN,Venezuela,,Caracas,,,,2001
EU569691,3,III,South-America ,VEN,Venezuela,,Caracas,,,,2001
EU660420,3,III,South-America ,VEN,Venezuela,,Caracas,,,,2001
FJ182015,3,III,South-America ,VEN,Venezuela,,Caracas,,,,2001
FJ373303,3,III,South-America ,VEN,Venezuela,,Caracas,,,,2001
KF955486,3,III,South-America ,VEN,Venezuela,,Caracas,,,,2001
KF955487,3,III,South-America ,VEN,Venezuela,,Caracas,,,,2001
FJ639775,3,III,South-America ,VEN,Venezuela,,Aragua,,,,2002
FJ639776,3,III,South-America ,VEN,Venezuela,,Aragua,,,,2002
FJ639777,3,III,South-America ,VEN,Venezuela,,Aragua,,,,2002
FJ639778,3,III,South-America ,VEN,Venezuela,,Aragua,,,,2002
FJ898471,3,III,South-America ,VEN,Venezuela,,Aragua,,,,2002
FJ639779,3,III,South-America ,VEN,Venezuela,,Aragua,,,,2003
FJ639780,3,III,South-America ,VEN,Venezuela,,Aragua,,,,2003
FJ639781,3,III,South-America ,VEN,Venezuela,,Aragua,,,,2003
FJ639782,3,III,South-America ,VEN,Venezuela,,Aragua,,,,2003
FJ639784,3,III,South-America ,VEN,Venezuela,,Aragua,,,,2003
FJ639785,3,III,South-America ,VEN,Venezuela,,Aragua,,,,2003
FJ639786,3,III,South-America ,VEN,Venezuela,,Aragua,,,,2003
FJ898472,3,III,South-America ,VEN,Venezuela,,Aragua,,,,2003
FJ898473,3,III,South-America ,VEN,Venezuela,,Aragua,,,,2003
FJ639787,3,III,South-America ,VEN,Venezuela,,Aragua,,,,2004
FJ639789,3,III,South-America ,VEN,Venezuela,,Aragua,,,,2004
FJ639790,3,III,South-America ,VEN,Venezuela,,Aragua,,,,2004
FJ639791,3,III,South-America ,VEN,Venezuela,,Aragua,,,,2004
FJ639792,3,III,South-America ,VEN,Venezuela,,Aragua,,,,2004
FJ639793,3,III,South-America ,VEN,Venezuela,,Aragua,,,,2004
FJ639795,3,III,South-America ,VEN,Venezuela,,Aragua,,,,2004
FJ639798,3,III,South-America ,VEN,Venezuela,,Aragua,,,,2004
FJ639799,3,III,South-America ,VEN,Venezuela,,Aragua,,,,2004
FJ639800,3,III,South-America ,VEN,Venezuela,,Aragua,,,,2004
FJ639801,3,III,South-America ,VEN,Venezuela,,Aragua,,,,2004
KF955471,3,III,South-America ,VEN,Venezuela,,Aragua,,,,2004
KF955472,3,III,South-America ,VEN,Venezuela,,Aragua,,,,2004
EU854291,3,III,South-America ,VEN,Venezuela,,Caracas,,,,2004
FJ373304,3,III,South-America ,VEN,Venezuela,,Caracas,,,,2004
FJ639803,3,III,South-America ,VEN,Venezuela,,Aragua,,,,2005
FJ639804,3,III,South-America ,VEN,Venezuela,,Aragua,,,,2005
FJ639805,3,III,South-America ,VEN,Venezuela,,Aragua,,,,2005
FJ639807,3,III,South-America ,VEN,Venezuela,,Aragua,,,,2005
FJ639810,3,III,South-America ,VEN,Venezuela,,Aragua,,,,2005
FJ639816,3,III,South-America ,VEN,Venezuela,,Aragua,,,,2005
EU854292,3,III,South-America ,VEN,Venezuela,,Caracas,,,,2005
FJ639817,3,III,South-America ,VEN,Venezuela,,Aragua,,,,2006
FJ639825,3,III,South-America ,VEN,Venezuela,,Aragua,,,,2006
HQ332170,3,III,South-America ,VEN,Venezuela,,,,,,2006
HQ332171,3,III,South-America ,VEN,Venezuela,,,,,,2006
EU529683,3,III,South-America ,VEN,Venezuela,,Aragua,,,,2007
EU932687,3,III,South-America ,VEN,Venezuela,,Aragua,,,,2007
EU932688,3,III,South-America ,VEN,Venezuela,,Aragua,,,,2007
FJ639772,3,III,South-America ,VEN,Venezuela,,Aragua,,,,2007
FJ850109,3,III,South-America ,VEN,Venezuela,,Aragua,,,,2007
FJ850110,3,III,South-America ,VEN,Venezuela,,Aragua,,,,2007
FJ850111,3,III,South-America ,VEN,Venezuela,,Aragua,,,,2007
FJ898474,3,III,South-America ,VEN,Venezuela,,Aragua,,,,2007
GQ868586,3,III,South-America ,VEN,Venezuela,,Aragua,,,,2007
GQ868587,3,III,South-America ,VEN,Venezuela,,Aragua,,,,2007
KF955481,3,III,South-America ,VEN,Venezuela,,Aragua,,,,2007
FJ639826,3,III,South-America ,VEN,Venezuela,,Aragua,,,,2008
FJ639827,3,III,South-America ,VEN,Venezuela,,Aragua,,,,2008
MH450311,3,III,South-America ,VEN,Venezuela,,Aragua,,,,2010-08-27
MH450296,3,III,South-America ,VEN,Venezuela,,Carabobo,,,,2015-09-23
MH450298,3,III,South-America ,VEN,Venezuela,,Carabobo,,,,2015-09-30
MH450299,3,III,South-America ,VEN,Venezuela,,Carabobo,,,,2015-10-05
EF629370,3,IV,South-America ,BRA,Brazil,,,,,,2002
JN697379,3,IV,South-America ,BRA,Brazil,,,,,,2006
EF629373,3,IV,South-America ,BRA,Brazil,,,,,,
KU050695,3,IV,Southeast-Asia,PHL,Philippines,,NA,,,,1956
KM190937,3,IV,Southeast-Asia,PHL,Philippines,,NA,,,,1964
JQ922554,3,IV,North-America,USA,USA,,,,,,1963
FJ898462,3,,Caribbean ,AIA,Anguilla,,NA,,,,2001
JN406514,3,,Oceania,AUS,Australia,,Cairns,,,,1998
JN406515,3,,Oceania,AUS,Australia,,Cairns,,,,2008
AY496871,3,,South-Asia,BGD,Bangladesh,,,,,,2002
AY496873,3,,South-Asia,BGD,Bangladesh,,,,,,2002
AY496874,3,,South-Asia,BGD,Bangladesh,,,,,,2002
AY496877,3,,South-Asia,BGD,Bangladesh,,,,,,2002
DQ401692,3,,South-Asia,BGD,Bangladesh,,,,,,2004
DQ401693,3,,South-Asia,BGD,Bangladesh,,,,,,2007
DQ401689,3,,South-Asia,BGD,Bangladesh,,,,,,
DQ401691,3,,South-Asia,BGD,Bangladesh,,,,,,
MH888333,3,,South-America ,BOL,Bolivia,,,,,,2011-01-01
KF955506,3,,Southeast-Asia,KHM,Cambodia,,Kch,,,,2007
KF955508,3,,Southeast-Asia,KHM,Cambodia,,Kch,,,,2007
MK894338,3,,East-Asia,CHN,China,,Guangzhou,,,,2018-02-05
MK894339,3,,East-Asia,CHN,China,,Guangzhou,,,,2018-04-09
MK894340,3,,East-Asia,CHN,China,,Guangzhou,,,,2018-10-16
MK894341,3,,East-Asia,CHN,China,,Guangzhou,,,,2018-12-30
MN227697,3,,East-Asia,CHN,China,,Guangzhou,,,,2019-05-19
MN227702,3,,East-Asia,CHN,China,,Guangzhou,,,,2019-06-01
MN227699,3,,East-Asia,CHN,China,,Guangzhou,,,,2019-06-30
MN227698,3,,East-Asia,CHN,China,,Guangzhou,,,,2019-07-02
MN227700,3,,East-Asia,CHN,China,,Guangzhou,,,,2019-07-08
MN227701,3,,East-Asia,CHN,China,,Guangzhou,,,,2019-07-08
MN227703,3,,East-Asia,CHN,China,,Guangzhou,,,,2019-07-18
AF317645,3,,East-Asia,CHN,China,,Guangxi,,,,
EU367962,3,,East-Asia,CHN,China,,,,,,
KX855927,3,,South-Asia,IND,India,,,,,,2014-10-15
MG721064,3,,South-Asia,IND,India,,,,,,2016
AY648961,3,,Southeast-Asia,IDN,Indonesia,,,,,,1978
DQ401690,3,,Southeast-Asia,IDN,Indonesia,,,,,,1982
DQ401694,3,,Southeast-Asia,IDN,Indonesia,,,,,,1982
MH823209,3,,Southeast-Asia,IDN,Indonesia,,,,,,2016
FN429896,3,,Southeast-Asia,MYS,Malaysia,,KualaLumpur,,,,1995
FN429897,3,,Southeast-Asia,MYS,Malaysia,,KualaLumpur,,,,1995
FN429898,3,,Southeast-Asia,MYS,Malaysia,,KualaLumpur,,,,1996
FN429899,3,,Southeast-Asia,MYS,Malaysia,,KualaLumpur,,,,1997
FN429900,3,,Southeast-Asia,MYS,Malaysia,,KualaLumpur,,,,1999
FN429901,3,,Southeast-Asia,MYS,Malaysia,,KualaLumpur,,,,2000
FN429902,3,,Southeast-Asia,MYS,Malaysia,,KualaLumpur,,,,2000
FN429903,3,,Southeast-Asia,MYS,Malaysia,,KualaLumpur,,,,2000
FN429904,3,,Southeast-Asia,MYS,Malaysia,,KualaLumpur,,,,2000
FN429905,3,,Southeast-Asia,MYS,Malaysia,,KualaLumpur,,,,2000
FN429906,3,,Southeast-Asia,MYS,Malaysia,,KualaLumpur,,,,2001
FN429907,3,,Southeast-Asia,MYS,Malaysia,,KualaLumpur,,,,2001
FN429908,3,,Southeast-Asia,MYS,Malaysia,,KualaLumpur,,,,2002
FN429909,3,,Southeast-Asia,MYS,Malaysia,,KualaLumpur,,,,2002
FN429910,3,,Southeast-Asia,MYS,Malaysia,,KualaLumpur,,,,2003
FN429911,3,,Southeast-Asia,MYS,Malaysia,,KualaLumpur,,,,2003
FN429912,3,,Southeast-Asia,MYS,Malaysia,,KualaLumpur,,,,2004
FN429913,3,,Southeast-Asia,MYS,Malaysia,,KualaLumpur,,,,2004
FN429914,3,,Southeast-Asia,MYS,Malaysia,,KualaLumpur,,,,2005
FN429915,3,,Southeast-Asia,MYS,Malaysia,,KualaLumpur,,,,2005
FN429916,3,,Southeast-Asia,MYS,Malaysia,,KualaLumpur,,,,2005
FN429917,3,,Southeast-Asia,MYS,Malaysia,,KualaLumpur,,,,2005
FN429918,3,,Southeast-Asia,MYS,Malaysia,,KualaLumpur,,,,2005
AY099337,3,,Caribbean ,MTQ,Martinique,,,,,,1999
KF921917,3,,Central-America,NIC,Nicaragua,,Managua,,,,2009
KF971695,3,,Central-America,NIC,Nicaragua,,Managua,,,,2009
KF971696,3,,Central-America,NIC,Nicaragua,,Managua,,,,2009
KF971697,3,,Central-America,NIC,Nicaragua,,Managua,,,,2009
KF971702,3,,Central-America,NIC,Nicaragua,,Managua,,,,2009
KF971704,3,,Central-America,NIC,Nicaragua,,Managua,,,,2009
KF971705,3,,Central-America,NIC,Nicaragua,,Managua,,,,2009
KF971710,3,,Central-America,NIC,Nicaragua,,Managua,,,,2010
KF971711,3,,Central-America,NIC,Nicaragua,,Managua,,,,2010
DQ401695,3,,Southeast-Asia,PHL,Philippines,,,,,,1997
KF955467,3,,Caribbean ,PRI,Puerto rico,,Puerto rico,,,,2000
KF955469,3,,Caribbean ,PRI,Puerto rico,,Puerto rico,,,,2002
KF955470,3,,Caribbean ,PRI,Puerto rico,,Puerto rico,,,,2002
KF955455,3,,Caribbean ,PRI,Puerto rico,,Puerto rico,,,,2005
KF955448,3,,Caribbean ,PRI,Puerto rico,,Puerto rico,,,,2006
AY662691,3,,Southeast-Asia,SGP,Singapore,,,,,,
KP406805,3,,East-Asia,KOR,South Korea,,,,,,
AY099336,3,,South-Asia,LKA,Sri Lanka,,,,,,
AY776329,3,,East-Asia,TWN,Taiwan,,,,,,
MK506265,3,,Southeast-Asia,THA,Thailand,,,,,,2007-08
MH888332,3,,Southeast-Asia,THA,Thailand,,,,,,2012-07-23
HQ541799,3,,North-America,USA,Usa,,California,California,,,2010
KF955447,3,,South-America ,VEN,Venezuela,,,,,,
KF955449,3,,South-America ,VEN,Venezuela,,,,,,
KF955451,3,,South-America ,VEN,Venezuela,,,,,,
KF955453,3,,South-America ,VEN,Venezuela,,,,,,
KF955454,3,,South-America ,VEN,Venezuela,,,,,,
JQ045687,3,,Southeast-Asia,VNM,Viet Nam,,,,,,
JQ045688,3,,Southeast-Asia,VNM,Viet Nam,,,,,,
JQ045689,3,,Southeast-Asia,VNM,Viet Nam,,,,,,
JQ045690,3,,Southeast-Asia,VNM,Viet Nam,,,,,,
JQ045691,3,,Southeast-Asia,VNM,Viet Nam,,,,,,
JQ045692,3,,Southeast-Asia,VNM,Viet Nam,,,,,,
JQ045693,3,,Southeast-Asia,VNM,Viet Nam,,,,,,
JQ045694,3,,Southeast-Asia,VNM,Viet Nam,,,,,,
JQ045695,3,,Southeast-Asia,VNM,Viet Nam,,,,,,
M93130,3,,,,,,,,,,1956
AY766104,3,,,,,,,,,,1995
KJ160505,3,,,,,,,,,,
KU725665,3,,,,,,,,,,
KU725666,3,,,,,,,,,,