region	location	dateEnd	cases
North	Acre	2016-01-30	3
North	Acre	2016-02-20	3
North	Acre	2016-03-12	8
North	Acre	2016-03-26	2.5
North	Acre	2016-04-16	6
North	Acre	2016-05-14	6
North	Acre	2016-06-25	16.5
North	Acre	2016-08-06	0
North	Acre	2016-08-20	29
North	Acre	2016-09-03	1
North	Acre	2016-10-01	0
North	Acre	2016-10-15	0
North	Acre	2016-10-29	1
North	Acre	2016-11-12	2
North	Acre	2016-11-19	1
North	Acre	2016-11-26	0
North	Acre	2016-12-03	0
North	Acre	2016-12-10	0
North	Acre	2016-12-17	0
North	Acre	2016-12-24	0
North	Acre	2016-12-31	0
North	Acre	2017-01-21	6.5
North	Acre	2017-02-04	1
North	Acre	2017-02-11	0
North	Acre	2017-02-18	4
North	Acre	2017-02-25	0
North	Acre	2017-03-04	0
North	Acre	2017-03-11	1
North	Acre	2017-03-18	0
North	Acre	2017-03-25	2
North	Acre	2017-04-01	0
North	Acre	2017-04-08	2
North	Acre	2017-04-15	0
North	Acre	2017-04-22	2
North	Acre	2017-04-29	0
North	Acre	2017-05-13	1
North	Acre	2017-05-27	0
North	Acre	2017-06-10	1
North	Acre	2017-06-24	1
North	Acre	2017-07-15	0.5
North	Acre	2017-07-29	0
North	Acre	2017-08-12	0
North	Acre	2017-08-26	0
North	Acre	2017-09-09	1
North	Acre	2017-09-23	0
North	Acre	2017-10-14	1
North	Acre	2017-10-21	1
North	Acre	2017-11-18	1
North	Acre	2017-12-09	1
North	Acre	2017-12-16	13
North	Acre	2017-12-23	0
North	Acre	2017-12-30	0
North	Acre	2018-01-20	1
North	Acre	2018-02-03	2
North	Acre	2018-02-10	0
North	Acre	2018-02-17	0
North	Acre	2018-02-24	0
North	Acre	2018-03-03	0
North	Acre	2018-03-10	3.5
North	Acre	2018-03-17	0
North	Acre	2018-03-24	3.5
North	Acre	2018-03-31	0
North	Acre	2018-04-07	0
North	Acre	2018-04-14	0
North	Acre	2018-04-21	4.5
North	Acre	2018-04-28	0
North	Acre	2018-05-12	1
North	Acre	2018-05-26	0
North	Acre	2018-06-09	1.5
North	Acre	2018-06-23	0
North	Acre	2018-07-14	0
North	Acre	2018-07-28	1
North	Acre	2018-08-11	2
North	Acre	2018-08-25	10
North	Acre	2018-09-08	2
North	Acre	2018-09-22	2
North	Acre	2018-10-13	11
North	Acre	2018-10-20	6
North	Acre	2018-11-17	26
North	Acre	2018-12-08	6
Northeast	Alagoas	2016-01-30	97
Northeast	Alagoas	2016-02-20	332
Northeast	Alagoas	2016-03-12	1046
Northeast	Alagoas	2016-03-26	720
Northeast	Alagoas	2016-04-16	1133
Northeast	Alagoas	2016-05-14	1316
Northeast	Alagoas	2016-06-25	1403
Northeast	Alagoas	2016-08-06	288
Northeast	Alagoas	2016-08-20	344
Northeast	Alagoas	2016-09-03	38
Northeast	Alagoas	2016-10-01	27
Northeast	Alagoas	2016-10-15	21
Northeast	Alagoas	2016-10-29	26
Northeast	Alagoas	2016-11-12	7
Northeast	Alagoas	2016-11-19	2
Northeast	Alagoas	2016-11-26	8
Northeast	Alagoas	2016-12-03	5
Northeast	Alagoas	2016-12-10	5
Northeast	Alagoas	2016-12-17	7
Northeast	Alagoas	2016-12-24	1
Northeast	Alagoas	2016-12-31	1
Northeast	Alagoas	2017-01-21	17
Northeast	Alagoas	2017-02-04	8
Northeast	Alagoas	2017-02-11	0
Northeast	Alagoas	2017-02-18	12
Northeast	Alagoas	2017-02-25	0
Northeast	Alagoas	2017-03-04	0
Northeast	Alagoas	2017-03-11	11
Northeast	Alagoas	2017-03-18	4
Northeast	Alagoas	2017-03-25	4
Northeast	Alagoas	2017-04-01	7
Northeast	Alagoas	2017-04-08	4
Northeast	Alagoas	2017-04-15	0
Northeast	Alagoas	2017-04-22	15
Northeast	Alagoas	2017-04-29	8
Northeast	Alagoas	2017-05-13	9
Northeast	Alagoas	2017-05-27	5
Northeast	Alagoas	2017-06-10	4
Northeast	Alagoas	2017-06-24	14
Northeast	Alagoas	2017-07-15	12
Northeast	Alagoas	2017-07-29	7
Northeast	Alagoas	2017-08-12	10
Northeast	Alagoas	2017-08-26	9
Northeast	Alagoas	2017-09-09	5
Northeast	Alagoas	2017-09-23	3
Northeast	Alagoas	2017-10-14	22
Northeast	Alagoas	2017-10-21	7
Northeast	Alagoas	2017-11-18	18
Northeast	Alagoas	2017-12-09	6
Northeast	Alagoas	2017-12-16	18
Northeast	Alagoas	2017-12-23	6
Northeast	Alagoas	2017-12-30	4
Northeast	Alagoas	2018-01-20	2
Northeast	Alagoas	2018-02-03	6
Northeast	Alagoas	2018-02-10	0
Northeast	Alagoas	2018-02-17	0
Northeast	Alagoas	2018-02-24	0
Northeast	Alagoas	2018-03-03	0
Northeast	Alagoas	2018-03-10	0
Northeast	Alagoas	2018-03-17	31.5
Northeast	Alagoas	2018-03-24	0
Northeast	Alagoas	2018-03-31	0
Northeast	Alagoas	2018-04-07	0
Northeast	Alagoas	2018-04-14	0
Northeast	Alagoas	2018-04-21	6
Northeast	Alagoas	2018-04-28	11
Northeast	Alagoas	2018-05-12	13.5
Northeast	Alagoas	2018-05-26	6.5
Northeast	Alagoas	2018-06-09	0
Northeast	Alagoas	2018-06-23	0
Northeast	Alagoas	2018-07-14	15
Northeast	Alagoas	2018-07-28	6.5
Northeast	Alagoas	2018-08-11	0
Northeast	Alagoas	2018-08-25	8
Northeast	Alagoas	2018-09-08	14
Northeast	Alagoas	2018-09-22	10
Northeast	Alagoas	2018-10-13	0
Northeast	Alagoas	2018-10-20	19
Northeast	Alagoas	2018-11-17	18
Northeast	Alagoas	2018-12-08	6
North	Amapa	2016-01-30	5
North	Amapa	2016-02-20	11
North	Amapa	2016-03-12	23
North	Amapa	2016-03-26	13
North	Amapa	2016-04-16	26
North	Amapa	2016-05-14	16
North	Amapa	2016-06-25	68
North	Amapa	2016-08-06	118
North	Amapa	2016-08-20	26
North	Amapa	2016-09-03	28
North	Amapa	2016-10-01	32
North	Amapa	2016-10-15	12
North	Amapa	2016-10-29	13
North	Amapa	2016-11-12	6
North	Amapa	2016-11-19	0
North	Amapa	2016-11-26	1
North	Amapa	2016-12-03	3
North	Amapa	2016-12-10	1
North	Amapa	2016-12-17	0
North	Amapa	2016-12-24	2
North	Amapa	2016-12-31	1
North	Amapa	2017-01-21	2
North	Amapa	2017-02-04	1
North	Amapa	2017-02-11	0
North	Amapa	2017-02-18	0
North	Amapa	2017-02-25	0
North	Amapa	2017-03-04	0
North	Amapa	2017-03-11	0
North	Amapa	2017-03-18	0
North	Amapa	2017-03-25	1
North	Amapa	2017-04-01	0
North	Amapa	2017-04-08	0
North	Amapa	2017-04-15	0
North	Amapa	2017-04-22	1
North	Amapa	2017-04-29	0
North	Amapa	2017-05-13	1
North	Amapa	2017-05-27	3
North	Amapa	2017-06-10	0
North	Amapa	2017-06-24	0
North	Amapa	2017-07-15	0
North	Amapa	2017-07-29	0
North	Amapa	2017-08-12	0
North	Amapa	2017-08-26	0
North	Amapa	2017-09-09	0
North	Amapa	2017-09-23	0
North	Amapa	2017-10-14	1
North	Amapa	2017-10-21	0
North	Amapa	2017-11-18	0
North	Amapa	2017-12-09	1
North	Amapa	2017-12-16	0
North	Amapa	2017-12-23	0
North	Amapa	2017-12-30	0
North	Amapa	2018-01-20	0
North	Amapa	2018-02-03	0
North	Amapa	2018-02-10	0
North	Amapa	2018-02-17	1.5
North	Amapa	2018-02-24	0
North	Amapa	2018-03-03	0
North	Amapa	2018-03-10	0
North	Amapa	2018-03-17	0
North	Amapa	2018-03-24	0
North	Amapa	2018-03-31	0
North	Amapa	2018-04-07	0
North	Amapa	2018-04-14	0
North	Amapa	2018-04-21	0
North	Amapa	2018-04-28	0
North	Amapa	2018-05-12	0.5
North	Amapa	2018-05-26	0
North	Amapa	2018-06-09	0
North	Amapa	2018-06-23	3
North	Amapa	2018-07-14	5
North	Amapa	2018-07-28	0
North	Amapa	2018-08-11	2
North	Amapa	2018-08-25	0.5
North	Amapa	2018-09-08	0
North	Amapa	2018-09-22	0.5
North	Amapa	2018-10-13	0
North	Amapa	2018-10-20	1
North	Amapa	2018-11-17	6
North	Amapa	2018-12-08	1
North	Amazonas	2016-01-30	443
North	Amazonas	2016-02-20	497
North	Amazonas	2016-03-12	494
North	Amazonas	2016-03-26	361
North	Amazonas	2016-04-16	779
North	Amazonas	2016-05-14	900
North	Amazonas	2016-06-25	628
North	Amazonas	2016-08-06	24
North	Amazonas	2016-08-20	215
North	Amazonas	2016-09-03	12
North	Amazonas	2016-10-01	20
North	Amazonas	2016-10-15	5
North	Amazonas	2016-10-29	24
North	Amazonas	2016-11-12	16
North	Amazonas	2016-11-19	7
North	Amazonas	2016-11-26	9
North	Amazonas	2016-12-03	14
North	Amazonas	2016-12-10	6
North	Amazonas	2016-12-17	10
North	Amazonas	2016-12-24	13
North	Amazonas	2016-12-31	8
North	Amazonas	2017-01-21	44
North	Amazonas	2017-02-04	34
North	Amazonas	2017-02-11	0
North	Amazonas	2017-02-18	38
North	Amazonas	2017-02-25	0
North	Amazonas	2017-03-04	0
North	Amazonas	2017-03-11	40
North	Amazonas	2017-03-18	30
North	Amazonas	2017-03-25	29
North	Amazonas	2017-04-01	34
North	Amazonas	2017-04-08	15
North	Amazonas	2017-04-15	0
North	Amazonas	2017-04-22	19
North	Amazonas	2017-04-29	9
North	Amazonas	2017-05-13	25
North	Amazonas	2017-05-27	15
North	Amazonas	2017-06-10	14
North	Amazonas	2017-06-24	15
North	Amazonas	2017-07-15	13
North	Amazonas	2017-07-29	5
North	Amazonas	2017-08-12	9
North	Amazonas	2017-08-26	7
North	Amazonas	2017-09-09	1
North	Amazonas	2017-09-23	0
North	Amazonas	2017-10-14	2
North	Amazonas	2017-10-21	3
North	Amazonas	2017-11-18	7
North	Amazonas	2017-12-09	3
North	Amazonas	2017-12-16	0
North	Amazonas	2017-12-23	8
North	Amazonas	2017-12-30	10
North	Amazonas	2018-01-20	1
North	Amazonas	2018-02-03	8.5
North	Amazonas	2018-02-10	0
North	Amazonas	2018-02-17	5
North	Amazonas	2018-02-24	0
North	Amazonas	2018-03-03	0
North	Amazonas	2018-03-10	17
North	Amazonas	2018-03-17	21
North	Amazonas	2018-03-24	0
North	Amazonas	2018-03-31	25
North	Amazonas	2018-04-07	10
North	Amazonas	2018-04-14	0
North	Amazonas	2018-04-21	24
North	Amazonas	2018-04-28	17
North	Amazonas	2018-05-12	38
North	Amazonas	2018-05-26	1
North	Amazonas	2018-06-09	9
North	Amazonas	2018-06-23	81
North	Amazonas	2018-07-14	21
North	Amazonas	2018-07-28	16
North	Amazonas	2018-08-11	30
North	Amazonas	2018-08-25	5
North	Amazonas	2018-09-08	4
North	Amazonas	2018-09-22	17
North	Amazonas	2018-10-13	11
North	Amazonas	2018-10-20	6
North	Amazonas	2018-11-17	2.5
North	Amazonas	2018-12-08	0
Northeast	Bahia	2016-01-30	5687
Northeast	Bahia	2016-02-20	11865
Northeast	Bahia	2016-03-12	15457
Northeast	Bahia	2016-03-26	5994
Northeast	Bahia	2016-04-16	5643
Northeast	Bahia	2016-05-14	2926
Northeast	Bahia	2016-06-25	1241
Northeast	Bahia	2016-08-06	872
Northeast	Bahia	2016-08-20	10
Northeast	Bahia	2016-09-03	134
Northeast	Bahia	2016-10-01	196
Northeast	Bahia	2016-10-15	138
Northeast	Bahia	2016-10-29	273
Northeast	Bahia	2016-11-12	193
Northeast	Bahia	2016-11-19	91
Northeast	Bahia	2016-11-26	99
Northeast	Bahia	2016-12-03	124
Northeast	Bahia	2016-12-10	94
Northeast	Bahia	2016-12-17	82
Northeast	Bahia	2016-12-24	68
Northeast	Bahia	2016-12-31	29
Northeast	Bahia	2017-01-21	222
Northeast	Bahia	2017-02-04	150
Northeast	Bahia	2017-02-11	0
Northeast	Bahia	2017-02-18	145
Northeast	Bahia	2017-02-25	0
Northeast	Bahia	2017-03-04	0
Northeast	Bahia	2017-03-11	175
Northeast	Bahia	2017-03-18	67
Northeast	Bahia	2017-03-25	42
Northeast	Bahia	2017-04-01	60
Northeast	Bahia	2017-04-08	56
Northeast	Bahia	2017-04-15	0
Northeast	Bahia	2017-04-22	109
Northeast	Bahia	2017-04-29	44
Northeast	Bahia	2017-05-13	108
Northeast	Bahia	2017-05-27	59
Northeast	Bahia	2017-06-10	172
Northeast	Bahia	2017-06-24	200
Northeast	Bahia	2017-07-15	150
Northeast	Bahia	2017-07-29	99
Northeast	Bahia	2017-08-12	59
Northeast	Bahia	2017-08-26	55
Northeast	Bahia	2017-09-09	37
Northeast	Bahia	2017-09-23	17
Northeast	Bahia	2017-10-14	58
Northeast	Bahia	2017-10-21	10
Northeast	Bahia	2017-11-18	42.5
Northeast	Bahia	2017-12-09	21.5
Northeast	Bahia	2017-12-16	0
Northeast	Bahia	2017-12-23	3
Northeast	Bahia	2017-12-30	56
Northeast	Bahia	2018-01-20	12
Northeast	Bahia	2018-02-03	13
Northeast	Bahia	2018-02-10	0
Northeast	Bahia	2018-02-17	46
Northeast	Bahia	2018-02-24	0
Northeast	Bahia	2018-03-03	0
Northeast	Bahia	2018-03-10	97
Northeast	Bahia	2018-03-17	10
Northeast	Bahia	2018-03-24	32
Northeast	Bahia	2018-03-31	52
Northeast	Bahia	2018-04-07	80
Northeast	Bahia	2018-04-14	0
Northeast	Bahia	2018-04-21	51
Northeast	Bahia	2018-04-28	34
Northeast	Bahia	2018-05-12	33
Northeast	Bahia	2018-05-26	19
Northeast	Bahia	2018-06-09	48
Northeast	Bahia	2018-06-23	29
Northeast	Bahia	2018-07-14	48
Northeast	Bahia	2018-07-28	46
Northeast	Bahia	2018-08-11	20
Northeast	Bahia	2018-08-25	21
Northeast	Bahia	2018-09-08	2
Northeast	Bahia	2018-09-22	51
Northeast	Bahia	2018-10-13	15
Northeast	Bahia	2018-10-20	40
Northeast	Bahia	2018-11-17	48
Northeast	Bahia	2018-12-08	5
Northeast	Ceara	2016-01-30	96
Northeast	Ceara	2016-02-20	140
Northeast	Ceara	2016-03-12	249
Northeast	Ceara	2016-03-26	241
Northeast	Ceara	2016-04-16	476
Northeast	Ceara	2016-05-14	1056
Northeast	Ceara	2016-06-25	1236
Northeast	Ceara	2016-08-06	274
Northeast	Ceara	2016-08-20	244
Northeast	Ceara	2016-09-03	42
Northeast	Ceara	2016-10-01	64
Northeast	Ceara	2016-10-15	41
Northeast	Ceara	2016-10-29	60
Northeast	Ceara	2016-11-12	34
Northeast	Ceara	2016-11-19	20
Northeast	Ceara	2016-11-26	15
Northeast	Ceara	2016-12-03	30
Northeast	Ceara	2016-12-10	10
Northeast	Ceara	2016-12-17	7
Northeast	Ceara	2016-12-24	3
Northeast	Ceara	2016-12-31	2
Northeast	Ceara	2017-01-21	53.5
Northeast	Ceara	2017-02-04	54
Northeast	Ceara	2017-02-11	0
Northeast	Ceara	2017-02-18	57
Northeast	Ceara	2017-02-25	0
Northeast	Ceara	2017-03-04	0
Northeast	Ceara	2017-03-11	153
Northeast	Ceara	2017-03-18	77
Northeast	Ceara	2017-03-25	103
Northeast	Ceara	2017-04-01	126
Northeast	Ceara	2017-04-08	98
Northeast	Ceara	2017-04-15	0
Northeast	Ceara	2017-04-22	196
Northeast	Ceara	2017-04-29	80
Northeast	Ceara	2017-05-13	152
Northeast	Ceara	2017-05-27	47
Northeast	Ceara	2017-06-10	49
Northeast	Ceara	2017-06-24	76
Northeast	Ceara	2017-07-15	34.5
Northeast	Ceara	2017-07-29	0
Northeast	Ceara	2017-08-12	12
Northeast	Ceara	2017-08-26	7
Northeast	Ceara	2017-09-09	5
Northeast	Ceara	2017-09-23	2
Northeast	Ceara	2017-10-14	11
Northeast	Ceara	2017-10-21	1
Northeast	Ceara	2017-11-18	10
Northeast	Ceara	2017-12-09	6
Northeast	Ceara	2017-12-16	92
Northeast	Ceara	2017-12-23	0
Northeast	Ceara	2017-12-30	1
Northeast	Ceara	2018-01-20	0
Northeast	Ceara	2018-02-03	2
Northeast	Ceara	2018-02-10	0
Northeast	Ceara	2018-02-17	0.5
Northeast	Ceara	2018-02-24	0
Northeast	Ceara	2018-03-03	0
Northeast	Ceara	2018-03-10	1
Northeast	Ceara	2018-03-17	0
Northeast	Ceara	2018-03-24	10
Northeast	Ceara	2018-03-31	5.5
Northeast	Ceara	2018-04-07	10
Northeast	Ceara	2018-04-14	0
Northeast	Ceara	2018-04-21	0
Northeast	Ceara	2018-04-28	2
Northeast	Ceara	2018-05-12	7
Northeast	Ceara	2018-05-26	0.5
Northeast	Ceara	2018-06-09	3.5
Northeast	Ceara	2018-06-23	0
Northeast	Ceara	2018-07-14	20
Northeast	Ceara	2018-07-28	8.5
Northeast	Ceara	2018-08-11	6
Northeast	Ceara	2018-08-25	20
Northeast	Ceara	2018-09-08	0.5
Northeast	Ceara	2018-09-22	0
Northeast	Ceara	2018-10-13	0
Northeast	Ceara	2018-10-20	0
Northeast	Ceara	2018-11-17	0
Northeast	Ceara	2018-12-08	0
Center-West	Distrito_Federal	2016-01-30	25
Center-West	Distrito_Federal	2016-02-20	55
Center-West	Distrito_Federal	2016-03-12	80
Center-West	Distrito_Federal	2016-03-26	37
Center-West	Distrito_Federal	2016-04-16	67
Center-West	Distrito_Federal	2016-05-14	50
Center-West	Distrito_Federal	2016-06-25	8
Center-West	Distrito_Federal	2016-08-06	7
Center-West	Distrito_Federal	2016-08-20	1
Center-West	Distrito_Federal	2016-09-03	2
Center-West	Distrito_Federal	2016-10-01	2
Center-West	Distrito_Federal	2016-10-15	1
Center-West	Distrito_Federal	2016-10-29	4
Center-West	Distrito_Federal	2016-11-12	4
Center-West	Distrito_Federal	2016-11-19	1
Center-West	Distrito_Federal	2016-11-26	2
Center-West	Distrito_Federal	2016-12-03	0
Center-West	Distrito_Federal	2016-12-10	0
Center-West	Distrito_Federal	2016-12-17	0
Center-West	Distrito_Federal	2016-12-24	0
Center-West	Distrito_Federal	2016-12-31	0
Center-West	Distrito_Federal	2017-01-21	5
Center-West	Distrito_Federal	2017-02-04	5
Center-West	Distrito_Federal	2017-02-11	0
Center-West	Distrito_Federal	2017-02-18	2
Center-West	Distrito_Federal	2017-02-25	0
Center-West	Distrito_Federal	2017-03-04	0
Center-West	Distrito_Federal	2017-03-11	2
Center-West	Distrito_Federal	2017-03-18	1
Center-West	Distrito_Federal	2017-03-25	2
Center-West	Distrito_Federal	2017-04-01	2
Center-West	Distrito_Federal	2017-04-08	3
Center-West	Distrito_Federal	2017-04-15	0
Center-West	Distrito_Federal	2017-04-22	2
Center-West	Distrito_Federal	2017-04-29	1
Center-West	Distrito_Federal	2017-05-13	5
Center-West	Distrito_Federal	2017-05-27	2
Center-West	Distrito_Federal	2017-06-10	6
Center-West	Distrito_Federal	2017-06-24	3
Center-West	Distrito_Federal	2017-07-15	1
Center-West	Distrito_Federal	2017-07-29	0
Center-West	Distrito_Federal	2017-08-12	2
Center-West	Distrito_Federal	2017-08-26	1
Center-West	Distrito_Federal	2017-09-09	0
Center-West	Distrito_Federal	2017-09-23	1
Center-West	Distrito_Federal	2017-10-14	4
Center-West	Distrito_Federal	2017-10-21	1
Center-West	Distrito_Federal	2017-11-18	7
Center-West	Distrito_Federal	2017-12-09	0
Center-West	Distrito_Federal	2017-12-16	5
Center-West	Distrito_Federal	2017-12-23	0
Center-West	Distrito_Federal	2017-12-30	2
Center-West	Distrito_Federal	2018-01-20	1.5
Center-West	Distrito_Federal	2018-02-03	0.5
Center-West	Distrito_Federal	2018-02-10	0
Center-West	Distrito_Federal	2018-02-17	1
Center-West	Distrito_Federal	2018-02-24	0
Center-West	Distrito_Federal	2018-03-03	0
Center-West	Distrito_Federal	2018-03-10	2
Center-West	Distrito_Federal	2018-03-17	0
Center-West	Distrito_Federal	2018-03-24	0
Center-West	Distrito_Federal	2018-03-31	0
Center-West	Distrito_Federal	2018-04-07	0
Center-West	Distrito_Federal	2018-04-14	0
Center-West	Distrito_Federal	2018-04-21	4
Center-West	Distrito_Federal	2018-04-28	2
Center-West	Distrito_Federal	2018-05-12	1
Center-West	Distrito_Federal	2018-05-26	0
Center-West	Distrito_Federal	2018-06-09	5
Center-West	Distrito_Federal	2018-06-23	4
Center-West	Distrito_Federal	2018-07-14	0
Center-West	Distrito_Federal	2018-07-28	5
Center-West	Distrito_Federal	2018-08-11	1
Center-West	Distrito_Federal	2018-08-25	0
Center-West	Distrito_Federal	2018-09-08	0
Center-West	Distrito_Federal	2018-09-22	5
Center-West	Distrito_Federal	2018-10-13	0
Center-West	Distrito_Federal	2018-10-20	0
Center-West	Distrito_Federal	2018-11-17	7
Center-West	Distrito_Federal	2018-12-08	1
Southeast	Espirito_Santo	2016-01-30	557
Southeast	Espirito_Santo	2016-02-20	461
Southeast	Espirito_Santo	2016-03-12	568
Southeast	Espirito_Santo	2016-03-26	217
Southeast	Espirito_Santo	2016-04-16	166
Southeast	Espirito_Santo	2016-05-14	158
Southeast	Espirito_Santo	2016-06-25	45
Southeast	Espirito_Santo	2016-08-06	69
Southeast	Espirito_Santo	2016-08-20	0
Southeast	Espirito_Santo	2016-09-03	11
Southeast	Espirito_Santo	2016-10-01	12
Southeast	Espirito_Santo	2016-10-15	6
Southeast	Espirito_Santo	2016-10-29	14
Southeast	Espirito_Santo	2016-11-12	8
Southeast	Espirito_Santo	2016-11-19	4
Southeast	Espirito_Santo	2016-11-26	5
Southeast	Espirito_Santo	2016-12-03	6
Southeast	Espirito_Santo	2016-12-10	11
Southeast	Espirito_Santo	2016-12-17	7
Southeast	Espirito_Santo	2016-12-24	6
Southeast	Espirito_Santo	2016-12-31	2
Southeast	Espirito_Santo	2017-01-21	33.5
Southeast	Espirito_Santo	2017-02-04	11
Southeast	Espirito_Santo	2017-02-11	0
Southeast	Espirito_Santo	2017-02-18	17
Southeast	Espirito_Santo	2017-02-25	0
Southeast	Espirito_Santo	2017-03-04	0
Southeast	Espirito_Santo	2017-03-11	43
Southeast	Espirito_Santo	2017-03-18	20
Southeast	Espirito_Santo	2017-03-25	31
Southeast	Espirito_Santo	2017-04-01	17
Southeast	Espirito_Santo	2017-04-08	24
Southeast	Espirito_Santo	2017-04-15	0
Southeast	Espirito_Santo	2017-04-22	45
Southeast	Espirito_Santo	2017-04-29	9
Southeast	Espirito_Santo	2017-05-13	10
Southeast	Espirito_Santo	2017-05-27	7
Southeast	Espirito_Santo	2017-06-10	13
Southeast	Espirito_Santo	2017-06-24	13
Southeast	Espirito_Santo	2017-07-15	7.5
Southeast	Espirito_Santo	2017-07-29	0
Southeast	Espirito_Santo	2017-08-12	5
Southeast	Espirito_Santo	2017-08-26	6
Southeast	Espirito_Santo	2017-09-09	4
Southeast	Espirito_Santo	2017-09-23	1
Southeast	Espirito_Santo	2017-10-14	8
Southeast	Espirito_Santo	2017-10-21	3
Southeast	Espirito_Santo	2017-11-18	7
Southeast	Espirito_Santo	2017-12-09	4
Southeast	Espirito_Santo	2017-12-16	8
Southeast	Espirito_Santo	2017-12-23	1
Southeast	Espirito_Santo	2017-12-30	4
Southeast	Espirito_Santo	2018-01-20	2
Southeast	Espirito_Santo	2018-02-03	3.5
Southeast	Espirito_Santo	2018-02-10	0
Southeast	Espirito_Santo	2018-02-17	8
Southeast	Espirito_Santo	2018-02-24	0
Southeast	Espirito_Santo	2018-03-03	0
Southeast	Espirito_Santo	2018-03-10	13.5
Southeast	Espirito_Santo	2018-03-17	0
Southeast	Espirito_Santo	2018-03-24	0
Southeast	Espirito_Santo	2018-03-31	11
Southeast	Espirito_Santo	2018-04-07	12
Southeast	Espirito_Santo	2018-04-14	0
Southeast	Espirito_Santo	2018-04-21	17
Southeast	Espirito_Santo	2018-04-28	0
Southeast	Espirito_Santo	2018-05-12	22
Southeast	Espirito_Santo	2018-05-26	3
Southeast	Espirito_Santo	2018-06-09	7
Southeast	Espirito_Santo	2018-06-23	15
Southeast	Espirito_Santo	2018-07-14	33
Southeast	Espirito_Santo	2018-07-28	28
Southeast	Espirito_Santo	2018-08-11	5
Southeast	Espirito_Santo	2018-08-25	0
Southeast	Espirito_Santo	2018-09-08	19
Southeast	Espirito_Santo	2018-09-22	0
Southeast	Espirito_Santo	2018-10-13	16
Southeast	Espirito_Santo	2018-10-20	6
Southeast	Espirito_Santo	2018-11-17	18
Southeast	Espirito_Santo	2018-12-08	3
Center-West	Goias	2016-01-30	133.5
Center-West	Goias	2016-02-20	772
Center-West	Goias	2016-03-12	2032
Center-West	Goias	2016-03-26	1597
Center-West	Goias	2016-04-16	2307
Center-West	Goias	2016-05-14	1912
Center-West	Goias	2016-06-25	1001.5
Center-West	Goias	2016-08-06	0
Center-West	Goias	2016-08-20	414
Center-West	Goias	2016-09-03	26
Center-West	Goias	2016-10-01	32
Center-West	Goias	2016-10-15	17
Center-West	Goias	2016-10-29	36
Center-West	Goias	2016-11-12	38
Center-West	Goias	2016-11-19	8
Center-West	Goias	2016-11-26	20
Center-West	Goias	2016-12-03	33
Center-West	Goias	2016-12-10	21
Center-West	Goias	2016-12-17	27
Center-West	Goias	2016-12-24	27
Center-West	Goias	2016-12-31	23
Center-West	Goias	2017-01-21	249.5
Center-West	Goias	2017-02-04	259
Center-West	Goias	2017-02-11	0
Center-West	Goias	2017-02-18	289
Center-West	Goias	2017-02-25	0
Center-West	Goias	2017-03-04	0
Center-West	Goias	2017-03-11	396
Center-West	Goias	2017-03-18	151
Center-West	Goias	2017-03-25	123
Center-West	Goias	2017-04-01	94
Center-West	Goias	2017-04-08	121
Center-West	Goias	2017-04-15	0
Center-West	Goias	2017-04-22	263
Center-West	Goias	2017-04-29	191
Center-West	Goias	2017-05-13	355
Center-West	Goias	2017-05-27	165
Center-West	Goias	2017-06-10	385
Center-West	Goias	2017-06-24	299
Center-West	Goias	2017-07-15	153
Center-West	Goias	2017-07-29	102
Center-West	Goias	2017-08-12	36
Center-West	Goias	2017-08-26	25
Center-West	Goias	2017-09-09	17
Center-West	Goias	2017-09-23	8
Center-West	Goias	2017-10-14	45.5
Center-West	Goias	2017-10-21	8.5
Center-West	Goias	2017-11-18	27
Center-West	Goias	2017-12-09	27.5
Center-West	Goias	2017-12-16	0
Center-West	Goias	2017-12-23	54
Center-West	Goias	2017-12-30	23
Center-West	Goias	2018-01-20	14
Center-West	Goias	2018-02-03	5
Center-West	Goias	2018-02-10	0
Center-West	Goias	2018-02-17	21.5
Center-West	Goias	2018-02-24	0
Center-West	Goias	2018-03-03	0
Center-West	Goias	2018-03-10	147
Center-West	Goias	2018-03-17	34
Center-West	Goias	2018-03-24	0
Center-West	Goias	2018-03-31	60
Center-West	Goias	2018-04-07	52
Center-West	Goias	2018-04-14	0
Center-West	Goias	2018-04-21	63
Center-West	Goias	2018-04-28	42
Center-West	Goias	2018-05-12	25
Center-West	Goias	2018-05-26	18
Center-West	Goias	2018-06-09	78
Center-West	Goias	2018-06-23	85
Center-West	Goias	2018-07-14	99.5
Center-West	Goias	2018-07-28	10
Center-West	Goias	2018-08-11	0
Center-West	Goias	2018-08-25	162.5
Center-West	Goias	2018-09-08	0
Center-West	Goias	2018-09-22	0
Center-West	Goias	2018-10-13	0.5
Center-West	Goias	2018-10-20	0
Center-West	Goias	2018-11-17	2
Center-West	Goias	2018-12-08	34
Northeast	Maranhao	2016-01-30	68
Northeast	Maranhao	2016-02-20	430
Northeast	Maranhao	2016-03-12	785
Northeast	Maranhao	2016-03-26	664
Northeast	Maranhao	2016-04-16	1041
Northeast	Maranhao	2016-05-14	913
Northeast	Maranhao	2016-06-25	398
Northeast	Maranhao	2016-08-06	0
Northeast	Maranhao	2016-08-20	199
Northeast	Maranhao	2016-09-03	10
Northeast	Maranhao	2016-10-01	12
Northeast	Maranhao	2016-10-15	22
Northeast	Maranhao	2016-10-29	20
Northeast	Maranhao	2016-11-12	12
Northeast	Maranhao	2016-11-19	11
Northeast	Maranhao	2016-11-26	1
Northeast	Maranhao	2016-12-03	3
Northeast	Maranhao	2016-12-10	6
Northeast	Maranhao	2016-12-17	2
Northeast	Maranhao	2016-12-24	8
Northeast	Maranhao	2016-12-31	3
Northeast	Maranhao	2017-01-21	29.5
Northeast	Maranhao	2017-02-04	59
Northeast	Maranhao	2017-02-11	0
Northeast	Maranhao	2017-02-18	49
Northeast	Maranhao	2017-02-25	0
Northeast	Maranhao	2017-03-04	0
Northeast	Maranhao	2017-03-11	68
Northeast	Maranhao	2017-03-18	27
Northeast	Maranhao	2017-03-25	19
Northeast	Maranhao	2017-04-01	14
Northeast	Maranhao	2017-04-08	14
Northeast	Maranhao	2017-04-15	0
Northeast	Maranhao	2017-04-22	23
Northeast	Maranhao	2017-04-29	13
Northeast	Maranhao	2017-05-13	18
Northeast	Maranhao	2017-05-27	11
Northeast	Maranhao	2017-06-10	30
Northeast	Maranhao	2017-06-24	39
Northeast	Maranhao	2017-07-15	19
Northeast	Maranhao	2017-07-29	18
Northeast	Maranhao	2017-08-12	17
Northeast	Maranhao	2017-08-26	16
Northeast	Maranhao	2017-09-09	10
Northeast	Maranhao	2017-09-23	3
Northeast	Maranhao	2017-10-14	10
Northeast	Maranhao	2017-10-21	3
Northeast	Maranhao	2017-11-18	5
Northeast	Maranhao	2017-12-09	1.5
Northeast	Maranhao	2017-12-16	0
Northeast	Maranhao	2017-12-23	0
Northeast	Maranhao	2017-12-30	0
Northeast	Maranhao	2018-01-20	2
Northeast	Maranhao	2018-02-03	1
Northeast	Maranhao	2018-02-10	0
Northeast	Maranhao	2018-02-17	3.5
Northeast	Maranhao	2018-02-24	0
Northeast	Maranhao	2018-03-03	0
Northeast	Maranhao	2018-03-10	0
Northeast	Maranhao	2018-03-17	6
Northeast	Maranhao	2018-03-24	0
Northeast	Maranhao	2018-03-31	7
Northeast	Maranhao	2018-04-07	0
Northeast	Maranhao	2018-04-14	0
Northeast	Maranhao	2018-04-21	6
Northeast	Maranhao	2018-04-28	4
Northeast	Maranhao	2018-05-12	5
Northeast	Maranhao	2018-05-26	1
Northeast	Maranhao	2018-06-09	12
Northeast	Maranhao	2018-06-23	31
Northeast	Maranhao	2018-07-14	4
Northeast	Maranhao	2018-07-28	16
Northeast	Maranhao	2018-08-11	12
Northeast	Maranhao	2018-08-25	4.5
Northeast	Maranhao	2018-09-08	0
Northeast	Maranhao	2018-09-22	5
Northeast	Maranhao	2018-10-13	13
Northeast	Maranhao	2018-10-20	0
Northeast	Maranhao	2018-11-17	10
Northeast	Maranhao	2018-12-08	6
Center-West	Mato_Grosso	2016-01-30	6956
Center-West	Mato_Grosso	2016-02-20	7039
Center-West	Mato_Grosso	2016-03-12	4522
Center-West	Mato_Grosso	2016-03-26	1394
Center-West	Mato_Grosso	2016-04-16	963
Center-West	Mato_Grosso	2016-05-14	334
Center-West	Mato_Grosso	2016-06-25	0
Center-West	Mato_Grosso	2016-08-06	265
Center-West	Mato_Grosso	2016-08-20	0
Center-West	Mato_Grosso	2016-09-03	18
Center-West	Mato_Grosso	2016-10-01	22
Center-West	Mato_Grosso	2016-10-15	11
Center-West	Mato_Grosso	2016-10-29	6
Center-West	Mato_Grosso	2016-11-12	14
Center-West	Mato_Grosso	2016-11-19	7
Center-West	Mato_Grosso	2016-11-26	11
Center-West	Mato_Grosso	2016-12-03	6
Center-West	Mato_Grosso	2016-12-10	16
Center-West	Mato_Grosso	2016-12-17	22
Center-West	Mato_Grosso	2016-12-24	16
Center-West	Mato_Grosso	2016-12-31	6
Center-West	Mato_Grosso	2017-01-21	128
Center-West	Mato_Grosso	2017-02-04	108
Center-West	Mato_Grosso	2017-02-11	0
Center-West	Mato_Grosso	2017-02-18	176
Center-West	Mato_Grosso	2017-02-25	0
Center-West	Mato_Grosso	2017-03-04	0
Center-West	Mato_Grosso	2017-03-11	358
Center-West	Mato_Grosso	2017-03-18	156
Center-West	Mato_Grosso	2017-03-25	143
Center-West	Mato_Grosso	2017-04-01	114
Center-West	Mato_Grosso	2017-04-08	114
Center-West	Mato_Grosso	2017-04-15	0
Center-West	Mato_Grosso	2017-04-22	189
Center-West	Mato_Grosso	2017-04-29	72
Center-West	Mato_Grosso	2017-05-13	125
Center-West	Mato_Grosso	2017-05-27	56
Center-West	Mato_Grosso	2017-06-10	78
Center-West	Mato_Grosso	2017-06-24	75
Center-West	Mato_Grosso	2017-07-15	54.5
Center-West	Mato_Grosso	2017-07-29	0
Center-West	Mato_Grosso	2017-08-12	32
Center-West	Mato_Grosso	2017-08-26	17
Center-West	Mato_Grosso	2017-09-09	23
Center-West	Mato_Grosso	2017-09-23	8
Center-West	Mato_Grosso	2017-10-14	26
Center-West	Mato_Grosso	2017-10-21	10
Center-West	Mato_Grosso	2017-11-18	25
Center-West	Mato_Grosso	2017-12-09	29
Center-West	Mato_Grosso	2017-12-16	31
Center-West	Mato_Grosso	2017-12-23	0.5
Center-West	Mato_Grosso	2017-12-30	0
Center-West	Mato_Grosso	2018-01-20	2
Center-West	Mato_Grosso	2018-02-03	45.5
Center-West	Mato_Grosso	2018-02-10	0
Center-West	Mato_Grosso	2018-02-17	38
Center-West	Mato_Grosso	2018-02-24	0
Center-West	Mato_Grosso	2018-03-03	0
Center-West	Mato_Grosso	2018-03-10	36
Center-West	Mato_Grosso	2018-03-17	70
Center-West	Mato_Grosso	2018-03-24	0
Center-West	Mato_Grosso	2018-03-31	114
Center-West	Mato_Grosso	2018-04-07	0
Center-West	Mato_Grosso	2018-04-14	0
Center-West	Mato_Grosso	2018-04-21	72
Center-West	Mato_Grosso	2018-04-28	43
Center-West	Mato_Grosso	2018-05-12	41.5
Center-West	Mato_Grosso	2018-05-26	0
Center-West	Mato_Grosso	2018-06-09	34
Center-West	Mato_Grosso	2018-06-23	17
Center-West	Mato_Grosso	2018-07-14	18
Center-West	Mato_Grosso	2018-07-28	4
Center-West	Mato_Grosso	2018-08-11	3
Center-West	Mato_Grosso	2018-08-25	7
Center-West	Mato_Grosso	2018-09-08	7
Center-West	Mato_Grosso	2018-09-22	7
Center-West	Mato_Grosso	2018-10-13	6
Center-West	Mato_Grosso	2018-10-20	1
Center-West	Mato_Grosso	2018-11-17	3
Center-West	Mato_Grosso	2018-12-08	1
Center-West	Mato_Grosso_do_Sul	2016-01-30	332
Center-West	Mato_Grosso_do_Sul	2016-02-20	318
Center-West	Mato_Grosso_do_Sul	2016-03-12	368
Center-West	Mato_Grosso_do_Sul	2016-03-26	211
Center-West	Mato_Grosso_do_Sul	2016-04-16	222
Center-West	Mato_Grosso_do_Sul	2016-05-14	136
Center-West	Mato_Grosso_do_Sul	2016-06-25	59
Center-West	Mato_Grosso_do_Sul	2016-08-06	0
Center-West	Mato_Grosso_do_Sul	2016-08-20	43
Center-West	Mato_Grosso_do_Sul	2016-09-03	5
Center-West	Mato_Grosso_do_Sul	2016-10-01	7
Center-West	Mato_Grosso_do_Sul	2016-10-15	6
Center-West	Mato_Grosso_do_Sul	2016-10-29	6
Center-West	Mato_Grosso_do_Sul	2016-11-12	5
Center-West	Mato_Grosso_do_Sul	2016-11-19	0
Center-West	Mato_Grosso_do_Sul	2016-11-26	2
Center-West	Mato_Grosso_do_Sul	2016-12-03	0
Center-West	Mato_Grosso_do_Sul	2016-12-10	1
Center-West	Mato_Grosso_do_Sul	2016-12-17	1
Center-West	Mato_Grosso_do_Sul	2016-12-24	0
Center-West	Mato_Grosso_do_Sul	2016-12-31	0
Center-West	Mato_Grosso_do_Sul	2017-01-21	0
Center-West	Mato_Grosso_do_Sul	2017-02-04	0.5
Center-West	Mato_Grosso_do_Sul	2017-02-11	0
Center-West	Mato_Grosso_do_Sul	2017-02-18	0.5
Center-West	Mato_Grosso_do_Sul	2017-02-25	0
Center-West	Mato_Grosso_do_Sul	2017-03-04	0
Center-West	Mato_Grosso_do_Sul	2017-03-11	4.5
Center-West	Mato_Grosso_do_Sul	2017-03-18	2
Center-West	Mato_Grosso_do_Sul	2017-03-25	1
Center-West	Mato_Grosso_do_Sul	2017-04-01	0
Center-West	Mato_Grosso_do_Sul	2017-04-08	3
Center-West	Mato_Grosso_do_Sul	2017-04-15	0
Center-West	Mato_Grosso_do_Sul	2017-04-22	5
Center-West	Mato_Grosso_do_Sul	2017-04-29	2
Center-West	Mato_Grosso_do_Sul	2017-05-13	5
Center-West	Mato_Grosso_do_Sul	2017-05-27	1
Center-West	Mato_Grosso_do_Sul	2017-06-10	3
Center-West	Mato_Grosso_do_Sul	2017-06-24	3
Center-West	Mato_Grosso_do_Sul	2017-07-15	4
Center-West	Mato_Grosso_do_Sul	2017-07-29	3
Center-West	Mato_Grosso_do_Sul	2017-08-12	4
Center-West	Mato_Grosso_do_Sul	2017-08-26	1
Center-West	Mato_Grosso_do_Sul	2017-09-09	3
Center-West	Mato_Grosso_do_Sul	2017-09-23	2
Center-West	Mato_Grosso_do_Sul	2017-10-14	4
Center-West	Mato_Grosso_do_Sul	2017-10-21	1
Center-West	Mato_Grosso_do_Sul	2017-11-18	11
Center-West	Mato_Grosso_do_Sul	2017-12-09	7.5
Center-West	Mato_Grosso_do_Sul	2017-12-16	0
Center-West	Mato_Grosso_do_Sul	2017-12-23	0
Center-West	Mato_Grosso_do_Sul	2017-12-30	5
Center-West	Mato_Grosso_do_Sul	2018-01-20	0
Center-West	Mato_Grosso_do_Sul	2018-02-03	0.5
Center-West	Mato_Grosso_do_Sul	2018-02-10	0
Center-West	Mato_Grosso_do_Sul	2018-02-17	5
Center-West	Mato_Grosso_do_Sul	2018-02-24	0
Center-West	Mato_Grosso_do_Sul	2018-03-03	0
Center-West	Mato_Grosso_do_Sul	2018-03-10	0.5
Center-West	Mato_Grosso_do_Sul	2018-03-17	2
Center-West	Mato_Grosso_do_Sul	2018-03-24	0
Center-West	Mato_Grosso_do_Sul	2018-03-31	11
Center-West	Mato_Grosso_do_Sul	2018-04-07	0
Center-West	Mato_Grosso_do_Sul	2018-04-14	0
Center-West	Mato_Grosso_do_Sul	2018-04-21	3
Center-West	Mato_Grosso_do_Sul	2018-04-28	1
Center-West	Mato_Grosso_do_Sul	2018-05-12	1
Center-West	Mato_Grosso_do_Sul	2018-05-26	5.5
Center-West	Mato_Grosso_do_Sul	2018-06-09	0
Center-West	Mato_Grosso_do_Sul	2018-06-23	5
Center-West	Mato_Grosso_do_Sul	2018-07-14	15
Center-West	Mato_Grosso_do_Sul	2018-07-28	1.5
Center-West	Mato_Grosso_do_Sul	2018-08-11	0
Center-West	Mato_Grosso_do_Sul	2018-08-25	0
Center-West	Mato_Grosso_do_Sul	2018-09-08	1.5
Center-West	Mato_Grosso_do_Sul	2018-09-22	0
Center-West	Mato_Grosso_do_Sul	2018-10-13	12
Center-West	Mato_Grosso_do_Sul	2018-10-20	15
Center-West	Mato_Grosso_do_Sul	2018-11-17	10.5
Center-West	Mato_Grosso_do_Sul	2018-12-08	0
Southeast	Minas_Gerais	2016-01-30	556
Southeast	Minas_Gerais	2016-02-20	2849
Southeast	Minas_Gerais	2016-03-12	4821
Southeast	Minas_Gerais	2016-03-26	2037
Southeast	Minas_Gerais	2016-04-16	1922
Southeast	Minas_Gerais	2016-05-14	1343.5
Southeast	Minas_Gerais	2016-06-25	0
Southeast	Minas_Gerais	2016-08-06	187.5
Southeast	Minas_Gerais	2016-08-20	0
Southeast	Minas_Gerais	2016-09-03	6
Southeast	Minas_Gerais	2016-10-01	17
Southeast	Minas_Gerais	2016-10-15	16
Southeast	Minas_Gerais	2016-10-29	20
Southeast	Minas_Gerais	2016-11-12	25
Southeast	Minas_Gerais	2016-11-19	9
Southeast	Minas_Gerais	2016-11-26	12
Southeast	Minas_Gerais	2016-12-03	9
Southeast	Minas_Gerais	2016-12-10	11
Southeast	Minas_Gerais	2016-12-17	11
Southeast	Minas_Gerais	2016-12-24	11
Southeast	Minas_Gerais	2016-12-31	2
Southeast	Minas_Gerais	2017-01-21	54.5
Southeast	Minas_Gerais	2017-02-04	45
Southeast	Minas_Gerais	2017-02-11	0
Southeast	Minas_Gerais	2017-02-18	81
Southeast	Minas_Gerais	2017-02-25	0
Southeast	Minas_Gerais	2017-03-04	0
Southeast	Minas_Gerais	2017-03-11	116
Southeast	Minas_Gerais	2017-03-18	49
Southeast	Minas_Gerais	2017-03-25	41
Southeast	Minas_Gerais	2017-04-01	32
Southeast	Minas_Gerais	2017-04-08	37
Southeast	Minas_Gerais	2017-04-15	0
Southeast	Minas_Gerais	2017-04-22	36
Southeast	Minas_Gerais	2017-04-29	15
Southeast	Minas_Gerais	2017-05-13	39
Southeast	Minas_Gerais	2017-05-27	29
Southeast	Minas_Gerais	2017-06-10	31
Southeast	Minas_Gerais	2017-06-24	36
Southeast	Minas_Gerais	2017-07-15	6.5
Southeast	Minas_Gerais	2017-07-29	0
Southeast	Minas_Gerais	2017-08-12	5
Southeast	Minas_Gerais	2017-08-26	4
Southeast	Minas_Gerais	2017-09-09	6
Southeast	Minas_Gerais	2017-09-23	6
Southeast	Minas_Gerais	2017-10-14	14
Southeast	Minas_Gerais	2017-10-21	5
Southeast	Minas_Gerais	2017-11-18	14
Southeast	Minas_Gerais	2017-12-09	12
Southeast	Minas_Gerais	2017-12-16	27
Southeast	Minas_Gerais	2017-12-23	9
Southeast	Minas_Gerais	2017-12-30	8
Southeast	Minas_Gerais	2018-01-20	3
Southeast	Minas_Gerais	2018-02-03	5.5
Southeast	Minas_Gerais	2018-02-10	0
Southeast	Minas_Gerais	2018-02-17	16
Southeast	Minas_Gerais	2018-02-24	0
Southeast	Minas_Gerais	2018-03-03	0
Southeast	Minas_Gerais	2018-03-10	13.5
Southeast	Minas_Gerais	2018-03-17	5
Southeast	Minas_Gerais	2018-03-24	0
Southeast	Minas_Gerais	2018-03-31	11
Southeast	Minas_Gerais	2018-04-07	8
Southeast	Minas_Gerais	2018-04-14	0
Southeast	Minas_Gerais	2018-04-21	14
Southeast	Minas_Gerais	2018-04-28	39.5
Southeast	Minas_Gerais	2018-05-12	17.5
Southeast	Minas_Gerais	2018-05-26	0.5
Southeast	Minas_Gerais	2018-06-09	7.5
Southeast	Minas_Gerais	2018-06-23	1
Southeast	Minas_Gerais	2018-07-14	0
Southeast	Minas_Gerais	2018-07-28	8
Southeast	Minas_Gerais	2018-08-11	0
Southeast	Minas_Gerais	2018-08-25	6
Southeast	Minas_Gerais	2018-09-08	0
Southeast	Minas_Gerais	2018-09-22	0
Southeast	Minas_Gerais	2018-10-13	0
Southeast	Minas_Gerais	2018-10-20	1
Southeast	Minas_Gerais	2018-11-17	0
Southeast	Minas_Gerais	2018-12-08	7
North	Para	2016-01-30	383
North	Para	2016-02-20	918
North	Para	2016-03-12	1113
North	Para	2016-03-26	501
North	Para	2016-04-16	430
North	Para	2016-05-14	259
North	Para	2016-06-25	404
North	Para	2016-08-06	193
North	Para	2016-08-20	119
North	Para	2016-09-03	37
North	Para	2016-10-01	40
North	Para	2016-10-15	27
North	Para	2016-10-29	20
North	Para	2016-11-12	16
North	Para	2016-11-19	4
North	Para	2016-11-26	5
North	Para	2016-12-03	8
North	Para	2016-12-10	96
North	Para	2016-12-17	29
North	Para	2016-12-24	55
North	Para	2016-12-31	7
North	Para	2017-01-21	178
North	Para	2017-02-04	171
North	Para	2017-02-11	0
North	Para	2017-02-18	99
North	Para	2017-02-25	0
North	Para	2017-03-04	0
North	Para	2017-03-11	54
North	Para	2017-03-18	16
North	Para	2017-03-25	16
North	Para	2017-04-01	12
North	Para	2017-04-08	5
North	Para	2017-04-15	0
North	Para	2017-04-22	12
North	Para	2017-04-29	2
North	Para	2017-05-13	10
North	Para	2017-05-27	8
North	Para	2017-06-10	4
North	Para	2017-06-24	10
North	Para	2017-07-15	9
North	Para	2017-07-29	3
North	Para	2017-08-12	6
North	Para	2017-08-26	5
North	Para	2017-09-09	5
North	Para	2017-09-23	2
North	Para	2017-10-14	7
North	Para	2017-10-21	4
North	Para	2017-11-18	16
North	Para	2017-12-09	6
North	Para	2017-12-16	28
North	Para	2017-12-23	0
North	Para	2017-12-30	0
North	Para	2018-01-20	0
North	Para	2018-02-03	2.5
North	Para	2018-02-10	0
North	Para	2018-02-17	13
North	Para	2018-02-24	0
North	Para	2018-03-03	0
North	Para	2018-03-10	23
North	Para	2018-03-17	28
North	Para	2018-03-24	0
North	Para	2018-03-31	25
North	Para	2018-04-07	0
North	Para	2018-04-14	0
North	Para	2018-04-21	9
North	Para	2018-04-28	33
North	Para	2018-05-12	47
North	Para	2018-05-26	10
North	Para	2018-06-09	37
North	Para	2018-06-23	13.5
North	Para	2018-07-14	7
North	Para	2018-07-28	0
North	Para	2018-08-11	0
North	Para	2018-08-25	4
North	Para	2018-09-08	0
North	Para	2018-09-22	1
North	Para	2018-10-13	0
North	Para	2018-10-20	1
North	Para	2018-11-17	25
North	Para	2018-12-08	5
Northeast	Paraiba	2016-01-30	13
Northeast	Paraiba	2016-02-20	293
Northeast	Paraiba	2016-03-12	842
Northeast	Paraiba	2016-03-26	428
Northeast	Paraiba	2016-04-16	595
Northeast	Paraiba	2016-05-14	619
Northeast	Paraiba	2016-06-25	675
Northeast	Paraiba	2016-08-06	87
Northeast	Paraiba	2016-08-20	158
Northeast	Paraiba	2016-09-03	9
Northeast	Paraiba	2016-10-01	8
Northeast	Paraiba	2016-10-15	4
Northeast	Paraiba	2016-10-29	9
Northeast	Paraiba	2016-11-12	5
Northeast	Paraiba	2016-11-19	2
Northeast	Paraiba	2016-11-26	0
Northeast	Paraiba	2016-12-03	1
Northeast	Paraiba	2016-12-10	0
Northeast	Paraiba	2016-12-17	1
Northeast	Paraiba	2016-12-24	1
Northeast	Paraiba	2016-12-31	0
Northeast	Paraiba	2017-01-21	8
Northeast	Paraiba	2017-02-04	5
Northeast	Paraiba	2017-02-11	0
Northeast	Paraiba	2017-02-18	8
Northeast	Paraiba	2017-02-25	0
Northeast	Paraiba	2017-03-04	0
Northeast	Paraiba	2017-03-11	22
Northeast	Paraiba	2017-03-18	8
Northeast	Paraiba	2017-03-25	2
Northeast	Paraiba	2017-04-01	7
Northeast	Paraiba	2017-04-08	6
Northeast	Paraiba	2017-04-15	0
Northeast	Paraiba	2017-04-22	4
Northeast	Paraiba	2017-04-29	0
Northeast	Paraiba	2017-05-13	0
Northeast	Paraiba	2017-05-27	2
Northeast	Paraiba	2017-06-10	5
Northeast	Paraiba	2017-06-24	4
Northeast	Paraiba	2017-07-15	4
Northeast	Paraiba	2017-07-29	3
Northeast	Paraiba	2017-08-12	4
Northeast	Paraiba	2017-08-26	9
Northeast	Paraiba	2017-09-09	1
Northeast	Paraiba	2017-09-23	2
Northeast	Paraiba	2017-10-14	3
Northeast	Paraiba	2017-10-21	0
Northeast	Paraiba	2017-11-18	8
Northeast	Paraiba	2017-12-09	0
Northeast	Paraiba	2017-12-16	0
Northeast	Paraiba	2017-12-23	0
Northeast	Paraiba	2017-12-30	0
Northeast	Paraiba	2018-01-20	1.5
Northeast	Paraiba	2018-02-03	2
Northeast	Paraiba	2018-02-10	0
Northeast	Paraiba	2018-02-17	0
Northeast	Paraiba	2018-02-24	0
Northeast	Paraiba	2018-03-03	0
Northeast	Paraiba	2018-03-10	2.5
Northeast	Paraiba	2018-03-17	6.5
Northeast	Paraiba	2018-03-24	0
Northeast	Paraiba	2018-03-31	10
Northeast	Paraiba	2018-04-07	5
Northeast	Paraiba	2018-04-14	0
Northeast	Paraiba	2018-04-21	12
Northeast	Paraiba	2018-04-28	4
Northeast	Paraiba	2018-05-12	9
Northeast	Paraiba	2018-05-26	10
Northeast	Paraiba	2018-06-09	28
Northeast	Paraiba	2018-06-23	50
Northeast	Paraiba	2018-07-14	31
Northeast	Paraiba	2018-07-28	33
Northeast	Paraiba	2018-08-11	99
Northeast	Paraiba	2018-08-25	14.5
Northeast	Paraiba	2018-09-08	0
Northeast	Paraiba	2018-09-22	0
Northeast	Paraiba	2018-10-13	0
Northeast	Paraiba	2018-10-20	2
Northeast	Paraiba	2018-11-17	34
Northeast	Paraiba	2018-12-08	22
South	Parana	2016-01-30	80
South	Parana	2016-02-20	166
South	Parana	2016-03-12	161
South	Parana	2016-03-26	75
South	Parana	2016-04-16	65
South	Parana	2016-05-14	42
South	Parana	2016-06-25	2
South	Parana	2016-08-06	14
South	Parana	2016-08-20	0
South	Parana	2016-09-03	1
South	Parana	2016-10-01	1
South	Parana	2016-10-15	2
South	Parana	2016-10-29	5
South	Parana	2016-11-12	4
South	Parana	2016-11-19	6
South	Parana	2016-11-26	10
South	Parana	2016-12-03	11
South	Parana	2016-12-10	9
South	Parana	2016-12-17	3
South	Parana	2016-12-24	3
South	Parana	2016-12-31	1
South	Parana	2017-01-21	3
South	Parana	2017-02-04	6
South	Parana	2017-02-11	0
South	Parana	2017-02-18	2
South	Parana	2017-02-25	0
South	Parana	2017-03-04	0
South	Parana	2017-03-11	4
South	Parana	2017-03-18	1
South	Parana	2017-03-25	2
South	Parana	2017-04-01	2
South	Parana	2017-04-08	3
South	Parana	2017-04-15	0
South	Parana	2017-04-22	1
South	Parana	2017-04-29	0
South	Parana	2017-05-13	1
South	Parana	2017-05-27	1
South	Parana	2017-06-10	1
South	Parana	2017-06-24	0
South	Parana	2017-07-15	2
South	Parana	2017-07-29	5
South	Parana	2017-08-12	1
South	Parana	2017-08-26	1
South	Parana	2017-09-09	0
South	Parana	2017-09-23	1
South	Parana	2017-10-14	8
South	Parana	2017-10-21	0
South	Parana	2017-11-18	4
South	Parana	2017-12-09	0
South	Parana	2017-12-16	12
South	Parana	2017-12-23	0
South	Parana	2017-12-30	0
South	Parana	2018-01-20	3.5
South	Parana	2018-02-03	1.5
South	Parana	2018-02-10	0
South	Parana	2018-02-17	0
South	Parana	2018-02-24	0
South	Parana	2018-03-03	0
South	Parana	2018-03-10	0.5
South	Parana	2018-03-17	0
South	Parana	2018-03-24	0
South	Parana	2018-03-31	0
South	Parana	2018-04-07	5
South	Parana	2018-04-14	0
South	Parana	2018-04-21	0
South	Parana	2018-04-28	0
South	Parana	2018-05-12	3
South	Parana	2018-05-26	0
South	Parana	2018-06-09	0
South	Parana	2018-06-23	0
South	Parana	2018-07-14	0.5
South	Parana	2018-07-28	0.5
South	Parana	2018-08-11	1
South	Parana	2018-08-25	0
South	Parana	2018-09-08	0
South	Parana	2018-09-22	1
South	Parana	2018-10-13	0.5
South	Parana	2018-10-20	0.5
South	Parana	2018-11-17	0.5
South	Parana	2018-12-08	0
Northeast	Pernambuco	2016-01-30	85
Northeast	Pernambuco	2016-02-20	83
Northeast	Pernambuco	2016-03-12	111
Northeast	Pernambuco	2016-03-26	29
Northeast	Pernambuco	2016-04-16	17
Northeast	Pernambuco	2016-05-14	9
Northeast	Pernambuco	2016-06-25	39
Northeast	Pernambuco	2016-08-06	0
Northeast	Pernambuco	2016-08-20	47
Northeast	Pernambuco	2016-09-03	3
Northeast	Pernambuco	2016-10-01	3
Northeast	Pernambuco	2016-10-15	3
Northeast	Pernambuco	2016-10-29	5
Northeast	Pernambuco	2016-11-12	0
Northeast	Pernambuco	2016-11-19	0
Northeast	Pernambuco	2016-11-26	2
Northeast	Pernambuco	2016-12-03	2
Northeast	Pernambuco	2016-12-10	3
Northeast	Pernambuco	2016-12-17	1
Northeast	Pernambuco	2016-12-24	2
Northeast	Pernambuco	2016-12-31	1
Northeast	Pernambuco	2017-01-21	1.5
Northeast	Pernambuco	2017-02-04	0
Northeast	Pernambuco	2017-02-11	0
Northeast	Pernambuco	2017-02-18	3.5
Northeast	Pernambuco	2017-02-25	0
Northeast	Pernambuco	2017-03-04	0
Northeast	Pernambuco	2017-03-11	1
Northeast	Pernambuco	2017-03-18	0.5
Northeast	Pernambuco	2017-03-25	1
Northeast	Pernambuco	2017-04-01	0
Northeast	Pernambuco	2017-04-08	0
Northeast	Pernambuco	2017-04-15	0
Northeast	Pernambuco	2017-04-22	0.5
Northeast	Pernambuco	2017-04-29	0.5
Northeast	Pernambuco	2017-05-13	0
Northeast	Pernambuco	2017-05-27	0
Northeast	Pernambuco	2017-06-10	0.5
Northeast	Pernambuco	2017-06-24	0
Northeast	Pernambuco	2017-07-15	0.5
Northeast	Pernambuco	2017-07-29	0
Northeast	Pernambuco	2017-08-12	0.5
Northeast	Pernambuco	2017-08-26	1.5
Northeast	Pernambuco	2017-09-09	0
Northeast	Pernambuco	2017-09-23	0
Northeast	Pernambuco	2017-10-14	1
Northeast	Pernambuco	2017-10-21	0
Northeast	Pernambuco	2017-11-18	4.5
Northeast	Pernambuco	2017-12-09	4
Northeast	Pernambuco	2017-12-16	12
Northeast	Pernambuco	2017-12-23	0
Northeast	Pernambuco	2017-12-30	6
Northeast	Pernambuco	2018-01-20	2
Northeast	Pernambuco	2018-02-03	0
Northeast	Pernambuco	2018-02-10	0
Northeast	Pernambuco	2018-02-17	3
Northeast	Pernambuco	2018-02-24	0
Northeast	Pernambuco	2018-03-03	0
Northeast	Pernambuco	2018-03-10	5.5
Northeast	Pernambuco	2018-03-17	2.5
Northeast	Pernambuco	2018-03-24	0
Northeast	Pernambuco	2018-03-31	2
Northeast	Pernambuco	2018-04-07	0
Northeast	Pernambuco	2018-04-14	0
Northeast	Pernambuco	2018-04-21	0
Northeast	Pernambuco	2018-04-28	4
Northeast	Pernambuco	2018-05-12	22
Northeast	Pernambuco	2018-05-26	1
Northeast	Pernambuco	2018-06-09	12
Northeast	Pernambuco	2018-06-23	3
Northeast	Pernambuco	2018-07-14	24
Northeast	Pernambuco	2018-07-28	23
Northeast	Pernambuco	2018-08-11	0
Northeast	Pernambuco	2018-08-25	2
Northeast	Pernambuco	2018-09-08	3
Northeast	Pernambuco	2018-09-22	0
Northeast	Pernambuco	2018-10-13	0
Northeast	Pernambuco	2018-10-20	0
Northeast	Pernambuco	2018-11-17	4
Northeast	Pernambuco	2018-12-08	5
Northeast	Piaui	2016-01-30	0.5
Northeast	Piaui	2016-02-20	2.5
Northeast	Piaui	2016-03-12	3
Northeast	Piaui	2016-03-26	1.5
Northeast	Piaui	2016-04-16	47
Northeast	Piaui	2016-05-14	100
Northeast	Piaui	2016-06-25	39.5
Northeast	Piaui	2016-08-06	0
Northeast	Piaui	2016-08-20	29
Northeast	Piaui	2016-09-03	2
Northeast	Piaui	2016-10-01	3
Northeast	Piaui	2016-10-15	0
Northeast	Piaui	2016-10-29	1
Northeast	Piaui	2016-11-12	1
Northeast	Piaui	2016-11-19	2
Northeast	Piaui	2016-11-26	2
Northeast	Piaui	2016-12-03	0
Northeast	Piaui	2016-12-10	0
Northeast	Piaui	2016-12-17	1
Northeast	Piaui	2016-12-24	1
Northeast	Piaui	2016-12-31	0
Northeast	Piaui	2017-01-21	0.5
Northeast	Piaui	2017-02-04	0
Northeast	Piaui	2017-02-11	0
Northeast	Piaui	2017-02-18	0.5
Northeast	Piaui	2017-02-25	0
Northeast	Piaui	2017-03-04	0
Northeast	Piaui	2017-03-11	1.5
Northeast	Piaui	2017-03-18	0.5
Northeast	Piaui	2017-03-25	1
Northeast	Piaui	2017-04-01	5
Northeast	Piaui	2017-04-08	3.5
Northeast	Piaui	2017-04-15	0
Northeast	Piaui	2017-04-22	7.5
Northeast	Piaui	2017-04-29	2
Northeast	Piaui	2017-05-13	19
Northeast	Piaui	2017-05-27	10
Northeast	Piaui	2017-06-10	15
Northeast	Piaui	2017-06-24	12.5
Northeast	Piaui	2017-07-15	6
Northeast	Piaui	2017-07-29	0
Northeast	Piaui	2017-08-12	3
Northeast	Piaui	2017-08-26	0
Northeast	Piaui	2017-09-09	0
Northeast	Piaui	2017-09-23	0
Northeast	Piaui	2017-10-14	0
Northeast	Piaui	2017-10-21	0
Northeast	Piaui	2017-11-18	1
Northeast	Piaui	2017-12-09	1
Northeast	Piaui	2017-12-16	64.5
Northeast	Piaui	2017-12-23	0
Northeast	Piaui	2017-12-30	0
Northeast	Piaui	2018-01-20	0.5
Northeast	Piaui	2018-02-03	0
Northeast	Piaui	2018-02-10	0
Northeast	Piaui	2018-02-17	0
Northeast	Piaui	2018-02-24	0
Northeast	Piaui	2018-03-03	0
Northeast	Piaui	2018-03-10	0.5
Northeast	Piaui	2018-03-17	0
Northeast	Piaui	2018-03-24	0
Northeast	Piaui	2018-03-31	0.5
Northeast	Piaui	2018-04-07	1
Northeast	Piaui	2018-04-14	0
Northeast	Piaui	2018-04-21	0
Northeast	Piaui	2018-04-28	2.5
Northeast	Piaui	2018-05-12	0
Northeast	Piaui	2018-05-26	0
Northeast	Piaui	2018-06-09	1
Northeast	Piaui	2018-06-23	0
Northeast	Piaui	2018-07-14	1
Northeast	Piaui	2018-07-28	2
Northeast	Piaui	2018-08-11	9
Northeast	Piaui	2018-08-25	0
Northeast	Piaui	2018-09-08	3
Northeast	Piaui	2018-09-22	0
Northeast	Piaui	2018-10-13	1
Northeast	Piaui	2018-10-20	0
Northeast	Piaui	2018-11-17	0
Northeast	Piaui	2018-12-08	0
Northeast	Rio_Grande_do_Norte	2016-01-30	33
Northeast	Rio_Grande_do_Norte	2016-02-20	389.5
Northeast	Rio_Grande_do_Norte	2016-03-12	827
Northeast	Rio_Grande_do_Norte	2016-03-26	768
Northeast	Rio_Grande_do_Norte	2016-04-16	545
Northeast	Rio_Grande_do_Norte	2016-05-14	452
Northeast	Rio_Grande_do_Norte	2016-06-25	226
Northeast	Rio_Grande_do_Norte	2016-08-06	284.5
Northeast	Rio_Grande_do_Norte	2016-08-20	0
Northeast	Rio_Grande_do_Norte	2016-09-03	42
Northeast	Rio_Grande_do_Norte	2016-10-01	40
Northeast	Rio_Grande_do_Norte	2016-10-15	12
Northeast	Rio_Grande_do_Norte	2016-10-29	17
Northeast	Rio_Grande_do_Norte	2016-11-12	9
Northeast	Rio_Grande_do_Norte	2016-11-19	9
Northeast	Rio_Grande_do_Norte	2016-11-26	10
Northeast	Rio_Grande_do_Norte	2016-12-03	13
Northeast	Rio_Grande_do_Norte	2016-12-10	10
Northeast	Rio_Grande_do_Norte	2016-12-17	4
Northeast	Rio_Grande_do_Norte	2016-12-24	2
Northeast	Rio_Grande_do_Norte	2016-12-31	6
Northeast	Rio_Grande_do_Norte	2017-01-21	25
Northeast	Rio_Grande_do_Norte	2017-02-04	22
Northeast	Rio_Grande_do_Norte	2017-02-11	0
Northeast	Rio_Grande_do_Norte	2017-02-18	25
Northeast	Rio_Grande_do_Norte	2017-02-25	0
Northeast	Rio_Grande_do_Norte	2017-03-04	0
Northeast	Rio_Grande_do_Norte	2017-03-11	38
Northeast	Rio_Grande_do_Norte	2017-03-18	7
Northeast	Rio_Grande_do_Norte	2017-03-25	14
Northeast	Rio_Grande_do_Norte	2017-04-01	15
Northeast	Rio_Grande_do_Norte	2017-04-08	10
Northeast	Rio_Grande_do_Norte	2017-04-15	0
Northeast	Rio_Grande_do_Norte	2017-04-22	28
Northeast	Rio_Grande_do_Norte	2017-04-29	15
Northeast	Rio_Grande_do_Norte	2017-05-13	15
Northeast	Rio_Grande_do_Norte	2017-05-27	5
Northeast	Rio_Grande_do_Norte	2017-06-10	13
Northeast	Rio_Grande_do_Norte	2017-06-24	29
Northeast	Rio_Grande_do_Norte	2017-07-15	19
Northeast	Rio_Grande_do_Norte	2017-07-29	19
Northeast	Rio_Grande_do_Norte	2017-08-12	19
Northeast	Rio_Grande_do_Norte	2017-08-26	25
Northeast	Rio_Grande_do_Norte	2017-09-09	20
Northeast	Rio_Grande_do_Norte	2017-09-23	6
Northeast	Rio_Grande_do_Norte	2017-10-14	39
Northeast	Rio_Grande_do_Norte	2017-10-21	13
Northeast	Rio_Grande_do_Norte	2017-11-18	13.5
Northeast	Rio_Grande_do_Norte	2017-12-09	5.5
Northeast	Rio_Grande_do_Norte	2017-12-16	0
Northeast	Rio_Grande_do_Norte	2017-12-23	0
Northeast	Rio_Grande_do_Norte	2017-12-30	20
Northeast	Rio_Grande_do_Norte	2018-01-20	5
Northeast	Rio_Grande_do_Norte	2018-02-03	0.5
Northeast	Rio_Grande_do_Norte	2018-02-10	0
Northeast	Rio_Grande_do_Norte	2018-02-17	32
Northeast	Rio_Grande_do_Norte	2018-02-24	0
Northeast	Rio_Grande_do_Norte	2018-03-03	0
Northeast	Rio_Grande_do_Norte	2018-03-10	22
Northeast	Rio_Grande_do_Norte	2018-03-17	6
Northeast	Rio_Grande_do_Norte	2018-03-24	0
Northeast	Rio_Grande_do_Norte	2018-03-31	8
Northeast	Rio_Grande_do_Norte	2018-04-07	15
Northeast	Rio_Grande_do_Norte	2018-04-14	0
Northeast	Rio_Grande_do_Norte	2018-04-21	23
Northeast	Rio_Grande_do_Norte	2018-04-28	2
Northeast	Rio_Grande_do_Norte	2018-05-12	0
Northeast	Rio_Grande_do_Norte	2018-05-26	5
Northeast	Rio_Grande_do_Norte	2018-06-09	56
Northeast	Rio_Grande_do_Norte	2018-06-23	71
Northeast	Rio_Grande_do_Norte	2018-07-14	30
Northeast	Rio_Grande_do_Norte	2018-07-28	36
Northeast	Rio_Grande_do_Norte	2018-08-11	51
Northeast	Rio_Grande_do_Norte	2018-08-25	44
Northeast	Rio_Grande_do_Norte	2018-09-08	9
Northeast	Rio_Grande_do_Norte	2018-09-22	96.5
Northeast	Rio_Grande_do_Norte	2018-10-13	0
Northeast	Rio_Grande_do_Norte	2018-10-20	10
Northeast	Rio_Grande_do_Norte	2018-11-17	24
Northeast	Rio_Grande_do_Norte	2018-12-08	3
South	Rio_Grande_do_Sul	2016-01-30	12.5
South	Rio_Grande_do_Sul	2016-02-20	19
South	Rio_Grande_do_Sul	2016-03-12	32
South	Rio_Grande_do_Sul	2016-03-26	18
South	Rio_Grande_do_Sul	2016-04-16	27
South	Rio_Grande_do_Sul	2016-05-14	29
South	Rio_Grande_do_Sul	2016-06-25	6
South	Rio_Grande_do_Sul	2016-08-06	10.5
South	Rio_Grande_do_Sul	2016-08-20	0
South	Rio_Grande_do_Sul	2016-09-03	2
South	Rio_Grande_do_Sul	2016-10-01	3
South	Rio_Grande_do_Sul	2016-10-15	1
South	Rio_Grande_do_Sul	2016-10-29	0
South	Rio_Grande_do_Sul	2016-11-12	0
South	Rio_Grande_do_Sul	2016-11-19	1
South	Rio_Grande_do_Sul	2016-11-26	1
South	Rio_Grande_do_Sul	2016-12-03	1
South	Rio_Grande_do_Sul	2016-12-10	0
South	Rio_Grande_do_Sul	2016-12-17	3
South	Rio_Grande_do_Sul	2016-12-24	1
South	Rio_Grande_do_Sul	2016-12-31	1
South	Rio_Grande_do_Sul	2017-01-21	2
South	Rio_Grande_do_Sul	2017-02-04	2
South	Rio_Grande_do_Sul	2017-02-11	0
South	Rio_Grande_do_Sul	2017-02-18	1
South	Rio_Grande_do_Sul	2017-02-25	0
South	Rio_Grande_do_Sul	2017-03-04	0
South	Rio_Grande_do_Sul	2017-03-11	0
South	Rio_Grande_do_Sul	2017-03-18	0
South	Rio_Grande_do_Sul	2017-03-25	0
South	Rio_Grande_do_Sul	2017-04-01	1
South	Rio_Grande_do_Sul	2017-04-08	1
South	Rio_Grande_do_Sul	2017-04-15	0
South	Rio_Grande_do_Sul	2017-04-22	0
South	Rio_Grande_do_Sul	2017-04-29	0
South	Rio_Grande_do_Sul	2017-05-13	0
South	Rio_Grande_do_Sul	2017-05-27	0
South	Rio_Grande_do_Sul	2017-06-10	0
South	Rio_Grande_do_Sul	2017-06-24	1
South	Rio_Grande_do_Sul	2017-07-15	0
South	Rio_Grande_do_Sul	2017-07-29	1
South	Rio_Grande_do_Sul	2017-08-12	1
South	Rio_Grande_do_Sul	2017-08-26	1
South	Rio_Grande_do_Sul	2017-09-09	0
South	Rio_Grande_do_Sul	2017-09-23	0
South	Rio_Grande_do_Sul	2017-10-14	0
South	Rio_Grande_do_Sul	2017-10-21	0
South	Rio_Grande_do_Sul	2017-11-18	0.5
South	Rio_Grande_do_Sul	2017-12-09	0
South	Rio_Grande_do_Sul	2017-12-16	0.5
South	Rio_Grande_do_Sul	2017-12-23	0
South	Rio_Grande_do_Sul	2017-12-30	0
South	Rio_Grande_do_Sul	2018-01-20	1.5
South	Rio_Grande_do_Sul	2018-02-03	1
South	Rio_Grande_do_Sul	2018-02-10	0
South	Rio_Grande_do_Sul	2018-02-17	0
South	Rio_Grande_do_Sul	2018-02-24	0
South	Rio_Grande_do_Sul	2018-03-03	0
South	Rio_Grande_do_Sul	2018-03-10	0
South	Rio_Grande_do_Sul	2018-03-17	0
South	Rio_Grande_do_Sul	2018-03-24	0
South	Rio_Grande_do_Sul	2018-03-31	0
South	Rio_Grande_do_Sul	2018-04-07	0
South	Rio_Grande_do_Sul	2018-04-14	0
South	Rio_Grande_do_Sul	2018-04-21	0
South	Rio_Grande_do_Sul	2018-04-28	0
South	Rio_Grande_do_Sul	2018-05-12	0
South	Rio_Grande_do_Sul	2018-05-26	0
South	Rio_Grande_do_Sul	2018-06-09	0
South	Rio_Grande_do_Sul	2018-06-23	0
South	Rio_Grande_do_Sul	2018-07-14	1
South	Rio_Grande_do_Sul	2018-07-28	0
South	Rio_Grande_do_Sul	2018-08-11	0
South	Rio_Grande_do_Sul	2018-08-25	2
South	Rio_Grande_do_Sul	2018-09-08	1
South	Rio_Grande_do_Sul	2018-09-22	0
South	Rio_Grande_do_Sul	2018-10-13	0.5
South	Rio_Grande_do_Sul	2018-10-20	0
South	Rio_Grande_do_Sul	2018-11-17	0
South	Rio_Grande_do_Sul	2018-12-08	0
Southeast	Rio_de_Janeiro	2016-01-30	12689
Southeast	Rio_de_Janeiro	2016-02-20	12892
Southeast	Rio_de_Janeiro	2016-03-12	12036
Southeast	Rio_de_Janeiro	2016-03-26	7079
Southeast	Rio_de_Janeiro	2016-04-16	9782
Southeast	Rio_de_Janeiro	2016-05-14	7518
Southeast	Rio_de_Janeiro	2016-06-25	4482
Southeast	Rio_de_Janeiro	2016-08-06	0
Southeast	Rio_de_Janeiro	2016-08-20	3909
Southeast	Rio_de_Janeiro	2016-09-03	152
Southeast	Rio_de_Janeiro	2016-10-01	198
Southeast	Rio_de_Janeiro	2016-10-15	67
Southeast	Rio_de_Janeiro	2016-10-29	205
Southeast	Rio_de_Janeiro	2016-11-12	127
Southeast	Rio_de_Janeiro	2016-11-19	79
Southeast	Rio_de_Janeiro	2016-11-26	65
Southeast	Rio_de_Janeiro	2016-12-03	62
Southeast	Rio_de_Janeiro	2016-12-10	64
Southeast	Rio_de_Janeiro	2016-12-17	60
Southeast	Rio_de_Janeiro	2016-12-24	41
Southeast	Rio_de_Janeiro	2016-12-31	22
Southeast	Rio_de_Janeiro	2017-01-21	142.5
Southeast	Rio_de_Janeiro	2017-02-04	234.5
Southeast	Rio_de_Janeiro	2017-02-11	0
Southeast	Rio_de_Janeiro	2017-02-18	268
Southeast	Rio_de_Janeiro	2017-02-25	0
Southeast	Rio_de_Janeiro	2017-03-04	0
Southeast	Rio_de_Janeiro	2017-03-11	269
Southeast	Rio_de_Janeiro	2017-03-18	104
Southeast	Rio_de_Janeiro	2017-03-25	111
Southeast	Rio_de_Janeiro	2017-04-01	123
Southeast	Rio_de_Janeiro	2017-04-08	104
Southeast	Rio_de_Janeiro	2017-04-15	0
Southeast	Rio_de_Janeiro	2017-04-22	149
Southeast	Rio_de_Janeiro	2017-04-29	48
Southeast	Rio_de_Janeiro	2017-05-13	146
Southeast	Rio_de_Janeiro	2017-05-27	57
Southeast	Rio_de_Janeiro	2017-06-10	116
Southeast	Rio_de_Janeiro	2017-06-24	104
Southeast	Rio_de_Janeiro	2017-07-15	55
Southeast	Rio_de_Janeiro	2017-07-29	32.5
Southeast	Rio_de_Janeiro	2017-08-12	14
Southeast	Rio_de_Janeiro	2017-08-26	12
Southeast	Rio_de_Janeiro	2017-09-09	8.5
Southeast	Rio_de_Janeiro	2017-09-23	10
Southeast	Rio_de_Janeiro	2017-10-14	34
Southeast	Rio_de_Janeiro	2017-10-21	4
Southeast	Rio_de_Janeiro	2017-11-18	35
Southeast	Rio_de_Janeiro	2017-12-09	29
Southeast	Rio_de_Janeiro	2017-12-16	0
Southeast	Rio_de_Janeiro	2017-12-23	0
Southeast	Rio_de_Janeiro	2017-12-30	0
Southeast	Rio_de_Janeiro	2018-01-20	0
Southeast	Rio_de_Janeiro	2018-02-03	0
Southeast	Rio_de_Janeiro	2018-02-10	0
Southeast	Rio_de_Janeiro	2018-02-17	0
Southeast	Rio_de_Janeiro	2018-02-24	0
Southeast	Rio_de_Janeiro	2018-03-03	0
Southeast	Rio_de_Janeiro	2018-03-10	0
Southeast	Rio_de_Janeiro	2018-03-17	0
Southeast	Rio_de_Janeiro	2018-03-24	0
Southeast	Rio_de_Janeiro	2018-03-31	0
Southeast	Rio_de_Janeiro	2018-04-07	1
Southeast	Rio_de_Janeiro	2018-04-14	0
Southeast	Rio_de_Janeiro	2018-04-21	389
Southeast	Rio_de_Janeiro	2018-04-28	0
Southeast	Rio_de_Janeiro	2018-05-12	0
Southeast	Rio_de_Janeiro	2018-05-26	0
Southeast	Rio_de_Janeiro	2018-06-09	550
Southeast	Rio_de_Janeiro	2018-06-23	530
Southeast	Rio_de_Janeiro	2018-07-14	191
Southeast	Rio_de_Janeiro	2018-07-28	158
Southeast	Rio_de_Janeiro	2018-08-11	132
Southeast	Rio_de_Janeiro	2018-08-25	0
Southeast	Rio_de_Janeiro	2018-09-08	84
Southeast	Rio_de_Janeiro	2018-09-22	22
Southeast	Rio_de_Janeiro	2018-10-13	15
Southeast	Rio_de_Janeiro	2018-10-20	0
Southeast	Rio_de_Janeiro	2018-11-17	164
Southeast	Rio_de_Janeiro	2018-12-08	35
North	Rondonia	2016-01-30	36
North	Rondonia	2016-02-20	153
North	Rondonia	2016-03-12	205
North	Rondonia	2016-03-26	95
North	Rondonia	2016-04-16	136
North	Rondonia	2016-05-14	106
North	Rondonia	2016-06-25	82
North	Rondonia	2016-08-06	25
North	Rondonia	2016-08-20	8
North	Rondonia	2016-09-03	6
North	Rondonia	2016-10-01	16
North	Rondonia	2016-10-15	7
North	Rondonia	2016-10-29	10
North	Rondonia	2016-11-12	3
North	Rondonia	2016-11-19	6
North	Rondonia	2016-11-26	4
North	Rondonia	2016-12-03	6
North	Rondonia	2016-12-10	5
North	Rondonia	2016-12-17	7
North	Rondonia	2016-12-24	4
North	Rondonia	2016-12-31	3
North	Rondonia	2017-01-21	16
North	Rondonia	2017-02-04	20
North	Rondonia	2017-02-11	0
North	Rondonia	2017-02-18	15
North	Rondonia	2017-02-25	0
North	Rondonia	2017-03-04	0
North	Rondonia	2017-03-11	15
North	Rondonia	2017-03-18	1
North	Rondonia	2017-03-25	5
North	Rondonia	2017-04-01	4
North	Rondonia	2017-04-08	3
North	Rondonia	2017-04-15	0
North	Rondonia	2017-04-22	3
North	Rondonia	2017-04-29	5
North	Rondonia	2017-05-13	5
North	Rondonia	2017-05-27	1
North	Rondonia	2017-06-10	1.5
North	Rondonia	2017-06-24	1
North	Rondonia	2017-07-15	0.5
North	Rondonia	2017-07-29	0
North	Rondonia	2017-08-12	3
North	Rondonia	2017-08-26	4
North	Rondonia	2017-09-09	1
North	Rondonia	2017-09-23	2
North	Rondonia	2017-10-14	4
North	Rondonia	2017-10-21	1
North	Rondonia	2017-11-18	6
North	Rondonia	2017-12-09	5
North	Rondonia	2017-12-16	19
North	Rondonia	2017-12-23	0
North	Rondonia	2017-12-30	0
North	Rondonia	2018-01-20	2.5
North	Rondonia	2018-02-03	6
North	Rondonia	2018-02-10	0
North	Rondonia	2018-02-17	0
North	Rondonia	2018-02-24	0
North	Rondonia	2018-03-03	0
North	Rondonia	2018-03-10	0
North	Rondonia	2018-03-17	0
North	Rondonia	2018-03-24	0
North	Rondonia	2018-03-31	0
North	Rondonia	2018-04-07	0
North	Rondonia	2018-04-14	0
North	Rondonia	2018-04-21	0
North	Rondonia	2018-04-28	0
North	Rondonia	2018-05-12	0
North	Rondonia	2018-05-26	0
North	Rondonia	2018-06-09	0
North	Rondonia	2018-06-23	0
North	Rondonia	2018-07-14	0
North	Rondonia	2018-07-28	0
North	Rondonia	2018-08-11	0
North	Rondonia	2018-08-25	0
North	Rondonia	2018-09-08	0.5
North	Rondonia	2018-09-22	0
North	Rondonia	2018-10-13	0
North	Rondonia	2018-10-20	0
North	Rondonia	2018-11-17	16
North	Rondonia	2018-12-08	0
North	Roraima	2016-01-30	1
North	Roraima	2016-02-20	4
North	Roraima	2016-03-12	23
North	Roraima	2016-03-26	8
North	Roraima	2016-04-16	9
North	Roraima	2016-05-14	12
North	Roraima	2016-06-25	16
North	Roraima	2016-08-06	35
North	Roraima	2016-08-20	5
North	Roraima	2016-09-03	7
North	Roraima	2016-10-01	6
North	Roraima	2016-10-15	6
North	Roraima	2016-10-29	13
North	Roraima	2016-11-12	6
North	Roraima	2016-11-19	5
North	Roraima	2016-11-26	1
North	Roraima	2016-12-03	5
North	Roraima	2016-12-10	0
North	Roraima	2016-12-17	4
North	Roraima	2016-12-24	2
North	Roraima	2016-12-31	1
North	Roraima	2017-01-21	3
North	Roraima	2017-02-04	4
North	Roraima	2017-02-11	0
North	Roraima	2017-02-18	12
North	Roraima	2017-02-25	0
North	Roraima	2017-03-04	0
North	Roraima	2017-03-11	26
North	Roraima	2017-03-18	10
North	Roraima	2017-03-25	16
North	Roraima	2017-04-01	11
North	Roraima	2017-04-08	9
North	Roraima	2017-04-15	0
North	Roraima	2017-04-22	16
North	Roraima	2017-04-29	4
North	Roraima	2017-05-13	5
North	Roraima	2017-05-27	5
North	Roraima	2017-06-10	20
North	Roraima	2017-06-24	11
North	Roraima	2017-07-15	20
North	Roraima	2017-07-29	10
North	Roraima	2017-08-12	9
North	Roraima	2017-08-26	3
North	Roraima	2017-09-09	0
North	Roraima	2017-09-23	1
North	Roraima	2017-10-14	2
North	Roraima	2017-10-21	1
North	Roraima	2017-11-18	0
North	Roraima	2017-12-09	3
North	Roraima	2017-12-16	1.5
North	Roraima	2017-12-23	0.5
North	Roraima	2017-12-30	0
North	Roraima	2018-01-20	0
North	Roraima	2018-02-03	0.5
North	Roraima	2018-02-10	0
North	Roraima	2018-02-17	0.5
North	Roraima	2018-02-24	0
North	Roraima	2018-03-03	0
North	Roraima	2018-03-10	2
North	Roraima	2018-03-17	0
North	Roraima	2018-03-24	0
North	Roraima	2018-03-31	1
North	Roraima	2018-04-07	0
North	Roraima	2018-04-14	0
North	Roraima	2018-04-21	1
North	Roraima	2018-04-28	0
North	Roraima	2018-05-12	1
North	Roraima	2018-05-26	2
North	Roraima	2018-06-09	0.5
North	Roraima	2018-06-23	0
North	Roraima	2018-07-14	0
North	Roraima	2018-07-28	0
North	Roraima	2018-08-11	0
North	Roraima	2018-08-25	2
North	Roraima	2018-09-08	5.5
North	Roraima	2018-09-22	1
North	Roraima	2018-10-13	0
North	Roraima	2018-10-20	0
North	Roraima	2018-11-17	1
North	Roraima	2018-12-08	1
South	Santa_Catarina	2016-01-30	6.5
South	Santa_Catarina	2016-02-20	12
South	Santa_Catarina	2016-03-12	15
South	Santa_Catarina	2016-03-26	6
South	Santa_Catarina	2016-04-16	9
South	Santa_Catarina	2016-05-14	11.5
South	Santa_Catarina	2016-06-25	0
South	Santa_Catarina	2016-08-06	2
South	Santa_Catarina	2016-08-20	0
South	Santa_Catarina	2016-09-03	0
South	Santa_Catarina	2016-10-01	1
South	Santa_Catarina	2016-10-15	1
South	Santa_Catarina	2016-10-29	2
South	Santa_Catarina	2016-11-12	0
South	Santa_Catarina	2016-11-19	1
South	Santa_Catarina	2016-11-26	1
South	Santa_Catarina	2016-12-03	0
South	Santa_Catarina	2016-12-10	1
South	Santa_Catarina	2016-12-17	0
South	Santa_Catarina	2016-12-24	0
South	Santa_Catarina	2016-12-31	0
South	Santa_Catarina	2017-01-21	2.5
South	Santa_Catarina	2017-02-04	0
South	Santa_Catarina	2017-02-11	0
South	Santa_Catarina	2017-02-18	1
South	Santa_Catarina	2017-02-25	0
South	Santa_Catarina	2017-03-04	0
South	Santa_Catarina	2017-03-11	2
South	Santa_Catarina	2017-03-18	0
South	Santa_Catarina	2017-03-25	0
South	Santa_Catarina	2017-04-01	0
South	Santa_Catarina	2017-04-08	1
South	Santa_Catarina	2017-04-15	0
South	Santa_Catarina	2017-04-22	0
South	Santa_Catarina	2017-04-29	0
South	Santa_Catarina	2017-05-13	1
South	Santa_Catarina	2017-05-27	0
South	Santa_Catarina	2017-06-10	0
South	Santa_Catarina	2017-06-24	0
South	Santa_Catarina	2017-07-15	0
South	Santa_Catarina	2017-07-29	0
South	Santa_Catarina	2017-08-12	1
South	Santa_Catarina	2017-08-26	0
South	Santa_Catarina	2017-09-09	2
South	Santa_Catarina	2017-09-23	1
South	Santa_Catarina	2017-10-14	1
South	Santa_Catarina	2017-10-21	0
South	Santa_Catarina	2017-11-18	1
South	Santa_Catarina	2017-12-09	2
South	Santa_Catarina	2017-12-16	0.5
South	Santa_Catarina	2017-12-23	0
South	Santa_Catarina	2017-12-30	4
South	Santa_Catarina	2018-01-20	1
South	Santa_Catarina	2018-02-03	1.5
South	Santa_Catarina	2018-02-10	0
South	Santa_Catarina	2018-02-17	1
South	Santa_Catarina	2018-02-24	0
South	Santa_Catarina	2018-03-03	0
South	Santa_Catarina	2018-03-10	0
South	Santa_Catarina	2018-03-17	0
South	Santa_Catarina	2018-03-24	0
South	Santa_Catarina	2018-03-31	0
South	Santa_Catarina	2018-04-07	0
South	Santa_Catarina	2018-04-14	0
South	Santa_Catarina	2018-04-21	0.5
South	Santa_Catarina	2018-04-28	0
South	Santa_Catarina	2018-05-12	0
South	Santa_Catarina	2018-05-26	0.5
South	Santa_Catarina	2018-06-09	0
South	Santa_Catarina	2018-06-23	0
South	Santa_Catarina	2018-07-14	0
South	Santa_Catarina	2018-07-28	1
South	Santa_Catarina	2018-08-11	0
South	Santa_Catarina	2018-08-25	0
South	Santa_Catarina	2018-09-08	0
South	Santa_Catarina	2018-09-22	0
South	Santa_Catarina	2018-10-13	3
South	Santa_Catarina	2018-10-20	1.5
South	Santa_Catarina	2018-11-17	0
South	Santa_Catarina	2018-12-08	2
Southeast	Sao_Paulo	2016-01-30	219
Southeast	Sao_Paulo	2016-02-20	658
Southeast	Sao_Paulo	2016-03-12	1071
Southeast	Sao_Paulo	2016-03-26	712
Southeast	Sao_Paulo	2016-04-16	1210
Southeast	Sao_Paulo	2016-05-14	898.5
Southeast	Sao_Paulo	2016-06-25	0
Southeast	Sao_Paulo	2016-08-06	227.5
Southeast	Sao_Paulo	2016-08-20	0
Southeast	Sao_Paulo	2016-09-03	21
Southeast	Sao_Paulo	2016-10-01	28
Southeast	Sao_Paulo	2016-10-15	11
Southeast	Sao_Paulo	2016-10-29	32
Southeast	Sao_Paulo	2016-11-12	24
Southeast	Sao_Paulo	2016-11-19	14
Southeast	Sao_Paulo	2016-11-26	17
Southeast	Sao_Paulo	2016-12-03	19
Southeast	Sao_Paulo	2016-12-10	10
Southeast	Sao_Paulo	2016-12-17	19
Southeast	Sao_Paulo	2016-12-24	16
Southeast	Sao_Paulo	2016-12-31	3
Southeast	Sao_Paulo	2017-01-21	15
Southeast	Sao_Paulo	2017-02-04	18
Southeast	Sao_Paulo	2017-02-11	0
Southeast	Sao_Paulo	2017-02-18	19
Southeast	Sao_Paulo	2017-02-25	0
Southeast	Sao_Paulo	2017-03-04	0
Southeast	Sao_Paulo	2017-03-11	29
Southeast	Sao_Paulo	2017-03-18	12
Southeast	Sao_Paulo	2017-03-25	13
Southeast	Sao_Paulo	2017-04-01	10
Southeast	Sao_Paulo	2017-04-08	7
Southeast	Sao_Paulo	2017-04-15	0
Southeast	Sao_Paulo	2017-04-22	17
Southeast	Sao_Paulo	2017-04-29	8
Southeast	Sao_Paulo	2017-05-13	18
Southeast	Sao_Paulo	2017-05-27	8
Southeast	Sao_Paulo	2017-06-10	7.5
Southeast	Sao_Paulo	2017-06-24	3.5
Southeast	Sao_Paulo	2017-07-15	5
Southeast	Sao_Paulo	2017-07-29	0
Southeast	Sao_Paulo	2017-08-12	4
Southeast	Sao_Paulo	2017-08-26	3
Southeast	Sao_Paulo	2017-09-09	8
Southeast	Sao_Paulo	2017-09-23	4
Southeast	Sao_Paulo	2017-10-14	27
Southeast	Sao_Paulo	2017-10-21	9
Southeast	Sao_Paulo	2017-11-18	25
Southeast	Sao_Paulo	2017-12-09	25
Southeast	Sao_Paulo	2017-12-16	101
Southeast	Sao_Paulo	2017-12-23	1
Southeast	Sao_Paulo	2017-12-30	15
Southeast	Sao_Paulo	2018-01-20	9.5
Southeast	Sao_Paulo	2018-02-03	1
Southeast	Sao_Paulo	2018-02-10	0
Southeast	Sao_Paulo	2018-02-17	56
Southeast	Sao_Paulo	2018-02-24	0
Southeast	Sao_Paulo	2018-03-03	0
Southeast	Sao_Paulo	2018-03-10	74
Southeast	Sao_Paulo	2018-03-17	10
Southeast	Sao_Paulo	2018-03-24	0
Southeast	Sao_Paulo	2018-03-31	22
Southeast	Sao_Paulo	2018-04-07	14
Southeast	Sao_Paulo	2018-04-14	0
Southeast	Sao_Paulo	2018-04-21	14
Southeast	Sao_Paulo	2018-04-28	14
Southeast	Sao_Paulo	2018-05-12	9.5
Southeast	Sao_Paulo	2018-05-26	0
Southeast	Sao_Paulo	2018-06-09	0
Southeast	Sao_Paulo	2018-06-23	11
Southeast	Sao_Paulo	2018-07-14	9
Southeast	Sao_Paulo	2018-07-28	18
Southeast	Sao_Paulo	2018-08-11	5.5
Southeast	Sao_Paulo	2018-08-25	0.5
Southeast	Sao_Paulo	2018-09-08	0
Southeast	Sao_Paulo	2018-09-22	13
Southeast	Sao_Paulo	2018-10-13	37
Southeast	Sao_Paulo	2018-10-20	0
Southeast	Sao_Paulo	2018-11-17	15
Southeast	Sao_Paulo	2018-12-08	0
Northeast	Sergipe	2016-01-30	46
Northeast	Sergipe	2016-02-20	59
Northeast	Sergipe	2016-03-12	39
Northeast	Sergipe	2016-03-26	20
Northeast	Sergipe	2016-04-16	19
Northeast	Sergipe	2016-05-14	11
Northeast	Sergipe	2016-06-25	9
Northeast	Sergipe	2016-08-06	5
Northeast	Sergipe	2016-08-20	2
Northeast	Sergipe	2016-09-03	1
Northeast	Sergipe	2016-10-01	1
Northeast	Sergipe	2016-10-15	1
Northeast	Sergipe	2016-10-29	1
Northeast	Sergipe	2016-11-12	1
Northeast	Sergipe	2016-11-19	0
Northeast	Sergipe	2016-11-26	0
Northeast	Sergipe	2016-12-03	0
Northeast	Sergipe	2016-12-10	1
Northeast	Sergipe	2016-12-17	1
Northeast	Sergipe	2016-12-24	0
Northeast	Sergipe	2016-12-31	0
Northeast	Sergipe	2017-01-21	2.5
Northeast	Sergipe	2017-02-04	3
Northeast	Sergipe	2017-02-11	0
Northeast	Sergipe	2017-02-18	1
Northeast	Sergipe	2017-02-25	0
Northeast	Sergipe	2017-03-04	0
Northeast	Sergipe	2017-03-11	1
Northeast	Sergipe	2017-03-18	0
Northeast	Sergipe	2017-03-25	0
Northeast	Sergipe	2017-04-01	0
Northeast	Sergipe	2017-04-08	0
Northeast	Sergipe	2017-04-15	0
Northeast	Sergipe	2017-04-22	1
Northeast	Sergipe	2017-04-29	0
Northeast	Sergipe	2017-05-13	0
Northeast	Sergipe	2017-05-27	0
Northeast	Sergipe	2017-06-10	0
Northeast	Sergipe	2017-06-24	0
Northeast	Sergipe	2017-07-15	1
Northeast	Sergipe	2017-07-29	0
Northeast	Sergipe	2017-08-12	3
Northeast	Sergipe	2017-08-26	0
Northeast	Sergipe	2017-09-09	0
Northeast	Sergipe	2017-09-23	0
Northeast	Sergipe	2017-10-14	3
Northeast	Sergipe	2017-10-21	0
Northeast	Sergipe	2017-11-18	1.5
Northeast	Sergipe	2017-12-09	0
Northeast	Sergipe	2017-12-16	0
Northeast	Sergipe	2017-12-23	0
Northeast	Sergipe	2017-12-30	0
Northeast	Sergipe	2018-01-20	0.5
Northeast	Sergipe	2018-02-03	0
Northeast	Sergipe	2018-02-10	0
Northeast	Sergipe	2018-02-17	0
Northeast	Sergipe	2018-02-24	0
Northeast	Sergipe	2018-03-03	0
Northeast	Sergipe	2018-03-10	0
Northeast	Sergipe	2018-03-17	0
Northeast	Sergipe	2018-03-24	0
Northeast	Sergipe	2018-03-31	0
Northeast	Sergipe	2018-04-07	0.5
Northeast	Sergipe	2018-04-14	0
Northeast	Sergipe	2018-04-21	0
Northeast	Sergipe	2018-04-28	0
Northeast	Sergipe	2018-05-12	0
Northeast	Sergipe	2018-05-26	2
Northeast	Sergipe	2018-06-09	0
Northeast	Sergipe	2018-06-23	1
Northeast	Sergipe	2018-07-14	2
Northeast	Sergipe	2018-07-28	0
Northeast	Sergipe	2018-08-11	0
Northeast	Sergipe	2018-08-25	0
Northeast	Sergipe	2018-09-08	1
Northeast	Sergipe	2018-09-22	0
Northeast	Sergipe	2018-10-13	0
Northeast	Sergipe	2018-10-20	0
Northeast	Sergipe	2018-11-17	2
Northeast	Sergipe	2018-12-08	0
North	Tocantins	2016-01-30	67
North	Tocantins	2016-02-20	414
North	Tocantins	2016-03-12	746
North	Tocantins	2016-03-26	192
North	Tocantins	2016-04-16	227
North	Tocantins	2016-05-14	246
North	Tocantins	2016-06-25	92
North	Tocantins	2016-08-06	88
North	Tocantins	2016-08-20	0
North	Tocantins	2016-09-03	5
North	Tocantins	2016-10-01	8
North	Tocantins	2016-10-15	5
North	Tocantins	2016-10-29	5
North	Tocantins	2016-11-12	9
North	Tocantins	2016-11-19	2
North	Tocantins	2016-11-26	6
North	Tocantins	2016-12-03	9
North	Tocantins	2016-12-10	2
North	Tocantins	2016-12-17	6
North	Tocantins	2016-12-24	4
North	Tocantins	2016-12-31	3
North	Tocantins	2017-01-21	14
North	Tocantins	2017-02-04	21.5
North	Tocantins	2017-02-11	0
North	Tocantins	2017-02-18	42
North	Tocantins	2017-02-25	0
North	Tocantins	2017-03-04	0
North	Tocantins	2017-03-11	75
North	Tocantins	2017-03-18	24
North	Tocantins	2017-03-25	22
North	Tocantins	2017-04-01	25
North	Tocantins	2017-04-08	26
North	Tocantins	2017-04-15	0
North	Tocantins	2017-04-22	53
North	Tocantins	2017-04-29	25
North	Tocantins	2017-05-13	65
North	Tocantins	2017-05-27	44
North	Tocantins	2017-06-10	45
North	Tocantins	2017-06-24	37
North	Tocantins	2017-07-15	23
North	Tocantins	2017-07-29	0
North	Tocantins	2017-08-12	3
North	Tocantins	2017-08-26	7
North	Tocantins	2017-09-09	5
North	Tocantins	2017-09-23	1
North	Tocantins	2017-10-14	11
North	Tocantins	2017-10-21	3
North	Tocantins	2017-11-18	14
North	Tocantins	2017-12-09	10
North	Tocantins	2017-12-16	93.5
North	Tocantins	2017-12-23	0
North	Tocantins	2017-12-30	0
North	Tocantins	2018-01-20	5.5
North	Tocantins	2018-02-03	14.5
North	Tocantins	2018-02-10	0
North	Tocantins	2018-02-17	11
North	Tocantins	2018-02-24	0
North	Tocantins	2018-03-03	0
North	Tocantins	2018-03-10	1.5
North	Tocantins	2018-03-17	4.5
North	Tocantins	2018-03-24	0
North	Tocantins	2018-03-31	9.5
North	Tocantins	2018-04-07	5
North	Tocantins	2018-04-14	0
North	Tocantins	2018-04-21	22.5
North	Tocantins	2018-04-28	11
North	Tocantins	2018-05-12	26
North	Tocantins	2018-05-26	0
North	Tocantins	2018-06-09	23.5
North	Tocantins	2018-06-23	0
North	Tocantins	2018-07-14	0
North	Tocantins	2018-07-28	0
North	Tocantins	2018-08-11	0
North	Tocantins	2018-08-25	13
North	Tocantins	2018-09-08	12
North	Tocantins	2018-09-22	13
North	Tocantins	2018-10-13	18
North	Tocantins	2018-10-20	15
North	Tocantins	2018-11-17	51.5
North	Tocantins	2018-12-08	0
